ID_Colaborador,Departamento,Senioridade,Data_Admissao,Status,Data_Desligamento,Motivo_Desligamento,Salario_Base,Encargos_Trabalhistas,Beneficios,Custo_Infraestrutura,Promovido_Ultimos_12m
EMP-0001,Vendas,Pleno,2024-01-15,Desligado,2025-08-31,Involuntário,10545.77,7171.12,1244.9,500.0,Não
EMP-0002,Financeiro,Pleno,2022-07-24,Ativo,,,9927.32,6750.58,1219.86,500.0,Não
EMP-0003,Operações,Júnior,2022-04-26,Ativo,,,2897.45,1970.27,2340.63,500.0,Não
EMP-0004,Marketing,Sênior,2023-01-07,Ativo,,,7789.34,5296.75,1224.23,500.0,Não
EMP-0005,Tecnologia,Pleno,2022-12-07,Ativo,,,8393.03,5707.26,1262.31,500.0,Não
EMP-0006,Tecnologia,Júnior,2022-11-15,Ativo,,,8681.75,5903.59,2090.98,500.0,Sim
EMP-0007,Tecnologia,Especialista/Gestão,2022-08-21,Ativo,,,11492.67,7815.02,1564.56,500.0,Não
EMP-0008,RH,Sênior,2022-07-14,Ativo,,,10770.84,7324.17,2120.41,500.0,Não
EMP-0009,Marketing,Especialista/Gestão,2024-02-22,Desligado,2025-03-14,Involuntário,11922.53,8107.32,911.12,500.0,Não
EMP-0010,Operações,Pleno,2023-10-11,Ativo,,,14355.69,9761.87,1628.87,500.0,Não
EMP-0011,Tecnologia,Pleno,2022-06-29,Desligado,2022-09-07,Involuntário,15101.28,10268.87,857.14,500.0,Sim
EMP-0012,Financeiro,Pleno,2023-11-26,Ativo,,,13630.91,9269.02,906.51,500.0,Não
EMP-0013,Operações,Especialista/Gestão,2023-06-07,Ativo,,,17310.62,11771.22,2340.94,500.0,Não
EMP-0014,Tecnologia,Sênior,2022-05-03,Desligado,2023-05-04,Voluntário,2782.61,1892.17,1036.72,500.0,Não
EMP-0015,Tecnologia,Júnior,2022-05-01,Ativo,,,5534.56,3763.5,1705.12,500.0,Não
EMP-0016,Tecnologia,Júnior,2022-07-05,Ativo,,,2617.22,1779.71,1498.86,500.0,Não
EMP-0017,Vendas,Júnior,2022-11-10,Desligado,2024-02-21,Voluntário,12535.86,8524.38,1390.48,500.0,Sim
EMP-0018,Vendas,Sênior,2022-11-25,Ativo,,,16419.47,11165.24,2329.72,500.0,Não
EMP-0019,Vendas,Especialista/Gestão,2023-08-31,Ativo,,,6273.98,4266.31,837.1,500.0,Não
EMP-0020,Tecnologia,Júnior,2023-12-08,Desligado,2024-04-12,Voluntário,16869.04,11470.95,1928.44,500.0,Não
EMP-0021,Marketing,Pleno,2022-04-28,Ativo,,,3434.14,2335.22,2437.77,500.0,Não
EMP-0022,Tecnologia,Júnior,2023-10-27,Ativo,,,16983.76,11548.96,1752.29,500.0,Sim
EMP-0023,Tecnologia,Especialista/Gestão,2022-10-21,Ativo,,,7950.15,5406.1,2392.6,500.0,Não
EMP-0024,Vendas,Sênior,2024-01-26,Ativo,,,4072.02,2768.97,888.84,500.0,Não
EMP-0025,Vendas,Sênior,2023-10-11,Ativo,,,10031.01,6821.09,1511.95,500.0,Não
EMP-0026,Operações,Pleno,2023-06-04,Ativo,,,6480.04,4406.43,1242.27,500.0,Não
EMP-0027,Tecnologia,Pleno,2022-11-12,Ativo,,,6915.53,4702.56,2042.4,500.0,Não
EMP-0028,Vendas,Júnior,2023-07-04,Ativo,,,7262.99,4938.83,2468.21,500.0,Não
EMP-0029,Marketing,Júnior,2023-11-25,Ativo,,,14946.9,10163.89,1236.1,500.0,Sim
EMP-0030,Tecnologia,Sênior,2023-01-10,Ativo,,,10857.0,7382.76,1912.1,500.0,Não
EMP-0031,Marketing,Sênior,2022-04-07,Desligado,2023-05-22,Involuntário,7325.27,4981.18,1136.77,500.0,Não
EMP-0032,Tecnologia,Especialista/Gestão,2022-09-11,Ativo,,,11960.17,8132.92,1761.06,500.0,Não
EMP-0033,Tecnologia,Especialista/Gestão,2023-06-07,Desligado,2024-09-08,Voluntário,13600.34,9248.23,1588.69,500.0,Não
EMP-0034,Financeiro,Pleno,2023-03-15,Desligado,2024-05-20,Involuntário,6725.67,4573.46,2452.41,500.0,Sim
EMP-0035,Financeiro,Sênior,2023-01-10,Desligado,2023-09-09,Voluntário,8910.01,6058.81,1834.5,500.0,Não
EMP-0036,Operações,Especialista/Gestão,2022-09-07,Ativo,,,4389.23,2984.68,1394.16,500.0,Não
EMP-0037,Vendas,Sênior,2022-11-07,Ativo,,,5307.81,3609.31,993.96,500.0,Não
EMP-0038,Tecnologia,Júnior,2023-03-11,Ativo,,,13057.33,8878.98,1057.12,500.0,Sim
EMP-0039,Operações,Pleno,2022-07-14,Desligado,2022-09-15,Voluntário,5312.29,3612.36,1183.04,500.0,Não
EMP-0040,Vendas,Júnior,2022-07-04,Ativo,,,10640.03,7235.22,1226.64,500.0,Não
EMP-0041,Tecnologia,Especialista/Gestão,2023-04-25,Ativo,,,13490.22,9173.35,2246.05,500.0,Não
EMP-0042,Vendas,Pleno,2022-07-09,Ativo,,,4156.59,2826.48,1754.08,500.0,Não
EMP-0043,Tecnologia,Júnior,2023-04-03,Ativo,,,11293.34,7679.47,1689.76,500.0,Não
EMP-0044,Financeiro,Pleno,2023-03-19,Ativo,,,6476.72,4404.17,995.11,500.0,Não
EMP-0045,Tecnologia,Pleno,2023-12-10,Ativo,,,17425.37,11849.25,2262.24,500.0,Sim
EMP-0046,Operações,Júnior,2022-12-27,Ativo,,,9994.96,6796.57,2028.78,500.0,Não
EMP-0047,Vendas,Júnior,2022-05-15,Desligado,2023-06-25,Voluntário,14992.88,10195.16,915.04,500.0,Sim
EMP-0048,Vendas,Pleno,2023-07-15,Desligado,2024-12-13,Involuntário,11028.51,7499.39,2003.32,500.0,Não
EMP-0049,Vendas,Pleno,2023-10-02,Ativo,,,3172.89,2157.57,1724.01,500.0,Não
EMP-0050,Tecnologia,Sênior,2022-08-06,Desligado,2022-10-15,Voluntário,12313.85,8373.42,938.93,500.0,Sim
EMP-0051,Financeiro,Pleno,2023-04-23,Ativo,,,17246.75,11727.79,1579.11,500.0,Não
EMP-0052,Operações,Sênior,2022-06-20,Ativo,,,11824.98,8040.99,1623.98,500.0,Sim
EMP-0053,Financeiro,Pleno,2023-10-18,Ativo,,,15197.43,10334.25,1081.82,500.0,Não
EMP-0054,RH,Pleno,2023-01-26,Ativo,,,16205.2,11019.54,2407.69,500.0,Não
EMP-0055,Marketing,Sênior,2024-01-04,Ativo,,,6035.24,4103.96,2244.96,500.0,Sim
EMP-0056,Financeiro,Pleno,2023-12-25,Ativo,,,5786.7,3934.96,1937.34,500.0,Não
EMP-0057,Tecnologia,Júnior,2023-04-06,Ativo,,,11970.21,8139.74,1585.9,500.0,Não
EMP-0058,Tecnologia,Júnior,2023-11-13,Ativo,,,8870.94,6032.24,1500.0,500.0,Não
EMP-0059,Tecnologia,Sênior,2022-10-14,Ativo,,,15517.85,10552.14,1906.65,500.0,Sim
EMP-0060,Vendas,Pleno,2022-06-11,Ativo,,,16450.36,11186.24,1727.23,500.0,Não
EMP-0061,Vendas,Pleno,2022-05-17,Ativo,,,7978.03,5425.06,905.86,500.0,Não
EMP-0062,Tecnologia,Júnior,2024-02-07,Ativo,,,6171.49,4196.61,1671.25,500.0,Não
EMP-0063,Operações,Júnior,2022-11-20,Ativo,,,14598.15,9926.74,2170.89,500.0,Sim
EMP-0064,Vendas,Júnior,2023-01-22,Ativo,,,6759.49,4596.45,1580.71,500.0,Sim
EMP-0065,Tecnologia,Júnior,2022-06-21,Ativo,,,15250.52,10370.35,888.33,500.0,Não
EMP-0066,Vendas,Pleno,2022-11-25,Ativo,,,9067.94,6166.2,2136.67,500.0,Não
EMP-0067,Tecnologia,Júnior,2022-07-13,Desligado,2023-03-25,Involuntário,12847.02,8735.97,1142.32,500.0,Não
EMP-0068,Operações,Pleno,2023-04-25,Desligado,2023-11-11,Involuntário,3980.8,2706.94,1239.66,500.0,Não
EMP-0069,Tecnologia,Especialista/Gestão,2023-01-10,Ativo,,,12169.82,8275.48,1080.0,500.0,Não
EMP-0070,Financeiro,Júnior,2023-07-09,Ativo,,,9502.4,6461.63,1361.37,500.0,Não
EMP-0071,Operações,Pleno,2024-01-11,Ativo,,,11592.43,7882.85,2086.48,500.0,Não
EMP-0072,Tecnologia,Sênior,2023-04-09,Desligado,2024-11-11,Voluntário,5104.22,3470.87,1682.96,500.0,Não
EMP-0073,Tecnologia,Júnior,2022-09-14,Desligado,2022-10-09,Involuntário,13921.54,9466.65,1148.3,500.0,Não
EMP-0074,Operações,Pleno,2023-04-15,Desligado,2024-05-27,Involuntário,15873.35,10793.88,2292.31,500.0,Não
EMP-0075,Operações,Sênior,2023-03-30,Ativo,,,5859.47,3984.44,2295.29,500.0,Não
EMP-0076,Operações,Especialista/Gestão,2022-11-01,Ativo,,,3983.58,2708.83,2279.98,500.0,Não
EMP-0077,Operações,Júnior,2024-02-16,Ativo,,,2866.4,1949.15,1205.95,500.0,Não
EMP-0078,Tecnologia,Especialista/Gestão,2022-12-30,Ativo,,,12450.56,8466.38,1567.11,500.0,Não
EMP-0079,Vendas,Pleno,2024-02-29,Desligado,2025-06-18,Involuntário,11909.96,8098.77,2474.48,500.0,Não
EMP-0080,Tecnologia,Júnior,2024-01-24,Ativo,,,10973.81,7462.19,2112.42,500.0,Não
EMP-0081,RH,Pleno,2022-06-13,Ativo,,,6095.18,4144.72,846.18,500.0,Sim
EMP-0082,Marketing,Especialista/Gestão,2023-12-15,Desligado,2025-05-01,Involuntário,8559.04,5820.15,910.85,500.0,Não
EMP-0083,Vendas,Pleno,2024-01-11,Ativo,,,11714.38,7965.78,1588.68,500.0,Não
EMP-0084,Tecnologia,Júnior,2022-09-23,Ativo,,,10199.89,6935.93,2345.67,500.0,Não
EMP-0085,Vendas,Pleno,2023-09-29,Ativo,,,17810.68,12111.26,1715.79,500.0,Não
EMP-0086,Vendas,Júnior,2022-12-07,Ativo,,,4614.82,3138.08,1646.28,500.0,Não
EMP-0087,Operações,Júnior,2022-09-15,Ativo,,,13274.74,9026.82,979.31,500.0,Sim
EMP-0088,Marketing,Júnior,2023-07-18,Desligado,2023-09-02,Voluntário,8766.94,5961.52,1916.53,500.0,Não
EMP-0089,RH,Júnior,2023-04-24,Ativo,,,9137.09,6213.22,2197.58,500.0,Não
EMP-0090,Vendas,Júnior,2023-01-02,Desligado,2024-04-30,Involuntário,13622.77,9263.48,1446.71,500.0,Não
EMP-0091,Tecnologia,Júnior,2024-01-16,Ativo,,,13232.76,8998.28,2118.54,500.0,Não
EMP-0092,Operações,Pleno,2024-03-05,Ativo,,,17864.47,12147.84,2439.61,500.0,Não
EMP-0093,Operações,Júnior,2023-10-23,Ativo,,,4490.11,3053.27,1146.4,500.0,Não
EMP-0094,Marketing,Júnior,2022-11-11,Ativo,,,4113.7,2797.32,1689.66,500.0,Não
EMP-0095,Operações,Sênior,2024-03-02,Desligado,2025-04-19,Voluntário,13727.25,9334.53,1288.13,500.0,Sim
EMP-0096,Vendas,Pleno,2023-02-27,Desligado,2023-12-11,Involuntário,11465.0,7796.2,2147.85,500.0,Não
EMP-0097,Vendas,Pleno,2022-05-28,Desligado,2022-06-12,Voluntário,6749.49,4589.65,1781.91,500.0,Não
EMP-0098,Vendas,Júnior,2022-11-21,Desligado,2024-05-18,Involuntário,3731.0,2537.08,1878.79,500.0,Não
EMP-0099,Tecnologia,Júnior,2022-05-03,Ativo,,,3827.7,2602.84,2156.45,500.0,Não
EMP-0100,Tecnologia,Júnior,2023-02-18,Ativo,,,16359.96,11124.77,1473.15,500.0,Sim
EMP-0101,Tecnologia,Júnior,2023-05-16,Desligado,2023-11-13,Voluntário,5473.94,3722.28,2355.65,500.0,Não
EMP-0102,Marketing,Júnior,2022-12-31,Ativo,,,7512.26,5108.34,1706.15,500.0,Sim
EMP-0103,Vendas,Júnior,2022-06-07,Ativo,,,6013.17,4088.96,1068.52,500.0,Não
EMP-0104,Vendas,Júnior,2022-11-03,Ativo,,,8002.44,5441.66,1983.03,500.0,Não
EMP-0105,Financeiro,Júnior,2023-11-02,Ativo,,,3576.07,2431.73,2148.54,500.0,Sim
EMP-0106,Tecnologia,Pleno,2023-02-17,Desligado,2024-01-11,Involuntário,10545.43,7170.89,1338.49,500.0,Não
EMP-0107,Vendas,Júnior,2022-11-04,Ativo,,,3547.99,2412.63,2257.2,500.0,Sim
EMP-0108,Operações,Júnior,2024-02-01,Ativo,,,14905.53,10135.76,2340.44,500.0,Não
EMP-0109,Tecnologia,Pleno,2023-08-25,Ativo,,,6122.54,4163.33,1270.74,500.0,Não
EMP-0110,Tecnologia,Pleno,2023-05-11,Desligado,2023-06-10,Involuntário,10870.18,7391.72,2471.99,500.0,Sim
EMP-0111,Tecnologia,Júnior,2024-01-19,Ativo,,,16141.23,10976.04,1039.21,500.0,Não
EMP-0112,Tecnologia,Sênior,2023-07-14,Desligado,2024-09-18,Involuntário,12588.6,8560.25,1143.43,500.0,Sim
EMP-0113,Financeiro,Pleno,2022-08-25,Desligado,2023-05-05,Voluntário,10760.85,7317.38,1113.18,500.0,Não
EMP-0114,Operações,Júnior,2022-12-28,Ativo,,,7527.17,5118.48,2319.78,500.0,Não
EMP-0115,Marketing,Sênior,2022-08-21,Ativo,,,7661.53,5209.84,1912.3,500.0,Não
EMP-0116,RH,Especialista/Gestão,2022-12-09,Ativo,,,12877.05,8756.39,1058.58,500.0,Sim
EMP-0117,Operações,Júnior,2023-10-27,Desligado,2024-12-04,Voluntário,17909.16,12178.23,1548.55,500.0,Não
EMP-0118,Tecnologia,Júnior,2023-10-04,Ativo,,,12758.51,8675.79,1846.01,500.0,Não
EMP-0119,RH,Sênior,2022-12-26,Desligado,2023-10-31,Voluntário,11145.64,7579.04,941.89,500.0,Não
EMP-0120,Vendas,Pleno,2023-11-20,Desligado,2025-05-23,Involuntário,13825.08,9401.05,2300.11,500.0,Não
EMP-0121,Operações,Júnior,2023-06-13,Ativo,,,9710.69,6603.27,2166.13,500.0,Não
EMP-0122,RH,Júnior,2023-11-19,Ativo,,,3432.21,2333.9,1658.85,500.0,Não
EMP-0123,Vendas,Júnior,2023-05-14,Ativo,,,11215.6,7626.61,2444.12,500.0,Não
EMP-0124,Tecnologia,Pleno,2023-04-06,Ativo,,,17343.19,11793.37,1510.19,500.0,Não
EMP-0125,Tecnologia,Pleno,2022-11-11,Ativo,,,5217.2,3547.7,2472.99,500.0,Não
EMP-0126,Vendas,Júnior,2022-08-20,Ativo,,,13195.08,8972.65,1935.46,500.0,Não
EMP-0127,Operações,Pleno,2023-09-04,Desligado,2024-07-21,Involuntário,5614.47,3817.84,1878.94,500.0,Sim
EMP-0128,RH,Pleno,2023-08-19,Ativo,,,10805.33,7347.62,1082.12,500.0,Não
EMP-0129,Tecnologia,Júnior,2022-07-03,Ativo,,,3998.48,2718.97,2299.28,500.0,Não
EMP-0130,Vendas,Júnior,2022-05-19,Desligado,2022-07-08,Voluntário,9480.75,6446.91,1526.73,500.0,Não
EMP-0131,Vendas,Pleno,2022-07-22,Ativo,,,14220.53,9669.96,1075.8,500.0,Não
EMP-0132,Tecnologia,Sênior,2022-09-04,Ativo,,,7887.36,5363.4,821.43,500.0,Não
EMP-0133,Tecnologia,Pleno,2024-01-03,Desligado,2025-02-17,Involuntário,12806.13,8708.17,1751.58,500.0,Sim
EMP-0134,Vendas,Pleno,2022-09-11,Desligado,2023-12-11,Involuntário,14829.47,10084.04,1696.58,500.0,Sim
EMP-0135,Financeiro,Júnior,2024-02-26,Ativo,,,16871.26,11472.46,2022.9,500.0,Não
EMP-0136,Vendas,Pleno,2023-06-07,Desligado,2023-08-01,Voluntário,6136.95,4173.13,2313.44,500.0,Não
EMP-0137,Vendas,Pleno,2023-12-02,Ativo,,,8689.4,5908.79,934.99,500.0,Não
EMP-0138,Operações,Júnior,2022-06-05,Ativo,,,4862.45,3306.47,2043.54,500.0,Não
EMP-0139,Vendas,Júnior,2023-04-30,Ativo,,,17883.49,12160.77,1118.6,500.0,Não
EMP-0140,Financeiro,Júnior,2023-04-26,Ativo,,,16868.52,11470.59,2258.9,500.0,Não
EMP-0141,Financeiro,Júnior,2023-12-02,Ativo,,,10869.34,7391.15,2192.41,500.0,Não
EMP-0142,Tecnologia,Júnior,2023-07-24,Ativo,,,15551.52,10575.03,1719.35,500.0,Sim
EMP-0143,Vendas,Júnior,2023-09-24,Ativo,,,10574.85,7190.9,2007.41,500.0,Não
EMP-0144,Vendas,Júnior,2022-12-14,Ativo,,,12165.58,8272.59,1334.4,500.0,Não
EMP-0145,Tecnologia,Júnior,2023-10-19,Desligado,2023-11-22,Involuntário,3881.43,2639.37,1600.99,500.0,Sim
EMP-0146,Tecnologia,Sênior,2022-04-12,Ativo,,,14206.69,9660.55,2196.78,500.0,Não
EMP-0147,Marketing,Pleno,2024-02-26,Ativo,,,4479.56,3046.1,1580.75,500.0,Não
EMP-0148,Vendas,Pleno,2022-07-27,Ativo,,,15304.05,10406.75,1408.26,500.0,Não
EMP-0149,Tecnologia,Sênior,2024-02-28,Ativo,,,14621.44,9942.58,1640.16,500.0,Não
EMP-0150,Tecnologia,Pleno,2023-10-02,Ativo,,,13485.54,9170.17,2208.02,500.0,Não
EMP-0151,Financeiro,Júnior,2022-12-30,Ativo,,,3060.49,2081.13,1369.85,500.0,Não
EMP-0152,Tecnologia,Pleno,2024-01-17,Ativo,,,7198.49,4894.97,1095.39,500.0,Não
EMP-0153,Tecnologia,Pleno,2023-03-15,Ativo,,,6578.24,4473.2,2010.42,500.0,Não
EMP-0154,Vendas,Pleno,2022-07-24,Ativo,,,8082.11,5495.83,2204.16,500.0,Sim
EMP-0155,Financeiro,Pleno,2023-01-26,Ativo,,,3858.46,2623.75,971.08,500.0,Não
EMP-0156,Tecnologia,Júnior,2023-06-20,Ativo,,,17022.85,11575.54,1207.79,500.0,Não
EMP-0157,Operações,Júnior,2022-09-09,Desligado,2023-12-05,Involuntário,11083.93,7537.07,1041.35,500.0,Não
EMP-0158,Operações,Júnior,2023-07-09,Ativo,,,7235.63,4920.23,1391.5,500.0,Não
EMP-0159,Tecnologia,Pleno,2022-04-04,Ativo,,,8653.21,5884.18,1565.6,500.0,Não
EMP-0160,Operações,Pleno,2022-12-26,Desligado,2023-09-12,Involuntário,9431.64,6413.52,2073.0,500.0,Não
EMP-0161,Vendas,Júnior,2023-08-26,Ativo,,,11809.21,8030.26,1906.95,500.0,Não
EMP-0162,Marketing,Especialista/Gestão,2022-09-30,Desligado,2023-04-14,Voluntário,10493.03,7135.26,1855.58,500.0,Não
EMP-0163,Marketing,Pleno,2023-09-02,Ativo,,,16750.58,11390.39,1399.04,500.0,Não
EMP-0164,Vendas,Júnior,2022-07-18,Ativo,,,10202.93,6937.99,2230.46,500.0,Não
EMP-0165,Tecnologia,Júnior,2024-01-01,Desligado,2025-04-30,Voluntário,17878.45,12157.35,1601.19,500.0,Não
EMP-0166,Operações,Júnior,2023-01-31,Ativo,,,15697.09,10674.02,2464.48,500.0,Não
EMP-0167,Vendas,Júnior,2024-01-15,Ativo,,,5731.91,3897.7,1878.04,500.0,Sim
EMP-0168,Tecnologia,Júnior,2023-09-02,Ativo,,,16924.23,11508.48,1014.65,500.0,Não
EMP-0169,Tecnologia,Júnior,2023-12-15,Desligado,2025-05-27,Voluntário,4303.68,2926.5,1949.5,500.0,Não
EMP-0170,Marketing,Júnior,2022-10-21,Ativo,,,15170.47,10315.92,1352.68,500.0,Não
EMP-0171,Operações,Júnior,2022-09-04,Ativo,,,8399.66,5711.77,1966.76,500.0,Não
EMP-0172,Tecnologia,Sênior,2023-04-18,Ativo,,,16108.6,10953.85,918.39,500.0,Não
EMP-0173,Vendas,Júnior,2022-09-13,Ativo,,,15954.88,10849.32,1097.3,500.0,Não
EMP-0174,Tecnologia,Pleno,2023-10-05,Desligado,2024-09-04,Involuntário,14991.84,10194.45,2254.75,500.0,Não
EMP-0175,Marketing,Pleno,2023-09-26,Ativo,,,14745.47,10026.92,1186.21,500.0,Não
EMP-0176,Tecnologia,Especialista/Gestão,2022-04-01,Ativo,,,7222.53,4911.32,2222.97,500.0,Não
EMP-0177,Operações,Júnior,2023-12-05,Ativo,,,3754.25,2552.89,1274.77,500.0,Não
EMP-0178,Vendas,Júnior,2023-02-26,Desligado,2024-06-16,Involuntário,8746.19,5947.41,1892.9,500.0,Sim
EMP-0179,Financeiro,Especialista/Gestão,2023-08-14,Ativo,,,5189.63,3528.95,1980.06,500.0,Sim
EMP-0180,Tecnologia,Sênior,2022-04-20,Ativo,,,13271.74,9024.78,1671.51,500.0,Não
EMP-0181,Vendas,Sênior,2022-07-24,Ativo,,,7864.55,5347.89,1319.03,500.0,Não
EMP-0182,Tecnologia,Júnior,2023-04-07,Ativo,,,17621.96,11982.93,1161.5,500.0,Não
EMP-0183,Financeiro,Júnior,2023-02-09,Ativo,,,12435.07,8455.85,856.42,500.0,Sim
EMP-0184,RH,Pleno,2022-12-02,Ativo,,,15248.45,10368.95,1316.71,500.0,Não
EMP-0185,Tecnologia,Especialista/Gestão,2022-05-30,Desligado,2023-10-30,Involuntário,4554.13,3096.81,1910.38,500.0,Não
EMP-0186,Operações,Pleno,2022-12-03,Ativo,,,15861.22,10785.63,2395.12,500.0,Sim
EMP-0187,Operações,Pleno,2023-11-02,Ativo,,,16802.74,11425.86,2281.05,500.0,Sim
EMP-0188,Marketing,Júnior,2022-06-20,Desligado,2023-06-25,Voluntário,10049.46,6833.63,2102.31,500.0,Não
EMP-0189,Vendas,Sênior,2022-06-27,Ativo,,,11896.92,8089.91,2140.36,500.0,Não
EMP-0190,Tecnologia,Júnior,2023-08-11,Ativo,,,14354.55,9761.09,1930.47,500.0,Não
EMP-0191,Tecnologia,Júnior,2022-06-10,Desligado,2023-05-16,Involuntário,5210.0,3542.8,1242.49,500.0,Não
EMP-0192,RH,Pleno,2023-09-28,Ativo,,,10289.77,6997.04,2342.23,500.0,Não
EMP-0193,Financeiro,Pleno,2022-08-07,Ativo,,,8679.28,5901.91,1940.24,500.0,Sim
EMP-0194,Marketing,Júnior,2022-08-10,Ativo,,,4768.8,3242.78,1752.75,500.0,Não
EMP-0195,Vendas,Júnior,2024-02-05,Desligado,2024-05-20,Involuntário,8196.78,5573.81,988.68,500.0,Não
EMP-0196,Vendas,Pleno,2023-07-31,Ativo,,,3556.67,2418.54,1559.99,500.0,Não
EMP-0197,Operações,Júnior,2023-10-15,Ativo,,,2900.08,1972.05,1582.61,500.0,Não
EMP-0198,RH,Pleno,2022-09-17,Ativo,,,4595.08,3124.65,2269.76,500.0,Não
EMP-0199,RH,Júnior,2022-12-28,Ativo,,,17428.28,11851.23,1729.3,500.0,Não
EMP-0200,Operações,Pleno,2023-09-23,Desligado,2025-02-03,Involuntário,11017.71,7492.04,1446.68,500.0,Não
EMP-0201,Marketing,Pleno,2023-12-13,Ativo,,,17470.24,11879.76,2460.56,500.0,Não
EMP-0202,Tecnologia,Júnior,2023-06-08,Desligado,2023-08-21,Voluntário,9203.72,6258.53,988.23,500.0,Não
EMP-0203,Tecnologia,Júnior,2022-11-03,Desligado,2023-11-02,Involuntário,7333.15,4986.54,1518.33,500.0,Sim
EMP-0204,RH,Júnior,2023-10-05,Ativo,,,10345.2,7034.74,871.44,500.0,Sim
EMP-0205,Marketing,Júnior,2024-03-07,Ativo,,,9312.43,6332.45,2057.84,500.0,Não
EMP-0206,Tecnologia,Especialista/Gestão,2022-10-23,Ativo,,,4137.8,2813.7,2360.73,500.0,Não
EMP-0207,Tecnologia,Júnior,2023-02-14,Ativo,,,12432.81,8454.31,1276.06,500.0,Sim
EMP-0208,Operações,Sênior,2023-05-14,Ativo,,,5848.59,3977.04,2259.18,500.0,Não
EMP-0209,Tecnologia,Júnior,2024-02-17,Desligado,2025-03-02,Voluntário,12103.61,8230.45,1296.77,500.0,Sim
EMP-0210,Tecnologia,Pleno,2024-01-26,Ativo,,,12578.12,8553.12,2348.31,500.0,Não
EMP-0211,Vendas,Sênior,2023-04-18,Ativo,,,4856.39,3302.35,2081.74,500.0,Não
EMP-0212,Operações,Pleno,2023-06-23,Ativo,,,3450.92,2346.63,2168.34,500.0,Não
EMP-0213,Operações,Pleno,2023-09-12,Desligado,2023-11-20,Involuntário,14601.8,9929.22,830.61,500.0,Não
EMP-0214,Tecnologia,Pleno,2023-07-07,Ativo,,,9626.91,6546.3,2436.78,500.0,Não
EMP-0215,Operações,Júnior,2022-08-02,Ativo,,,3401.54,2313.05,2035.34,500.0,Sim
EMP-0216,Tecnologia,Especialista/Gestão,2022-12-10,Desligado,2023-04-05,Involuntário,17920.43,12185.89,1318.08,500.0,Não
EMP-0217,Vendas,Sênior,2022-11-17,Desligado,2023-10-06,Involuntário,3395.6,2309.01,2209.97,500.0,Não
EMP-0218,Operações,Especialista/Gestão,2022-06-05,Ativo,,,13273.05,9025.67,1278.59,500.0,Não
EMP-0219,Marketing,Júnior,2023-03-13,Ativo,,,17747.02,12067.97,2283.68,500.0,Não
EMP-0220,Operações,Pleno,2022-04-22,Desligado,2023-02-01,Involuntário,6207.29,4220.96,991.39,500.0,Sim
EMP-0221,Operações,Especialista/Gestão,2023-11-24,Ativo,,,4704.87,3199.31,1996.27,500.0,Não
EMP-0222,Marketing,Júnior,2023-10-20,Desligado,2024-08-21,Involuntário,4381.47,2979.4,1719.19,500.0,Não
EMP-0223,Tecnologia,Júnior,2022-11-22,Ativo,,,7200.76,4896.52,964.11,500.0,Não
EMP-0224,Vendas,Pleno,2023-11-24,Ativo,,,4066.21,2765.02,1211.22,500.0,Não
EMP-0225,Tecnologia,Pleno,2022-11-12,Ativo,,,13228.5,8995.38,821.09,500.0,Não
EMP-0226,Tecnologia,Sênior,2022-04-08,Ativo,,,3465.52,2356.55,1596.91,500.0,Não
EMP-0227,Financeiro,Júnior,2022-06-12,Ativo,,,10396.04,7069.31,1312.15,500.0,Sim
EMP-0228,Vendas,Sênior,2024-01-07,Desligado,2024-01-24,Voluntário,17948.8,12205.18,1817.21,500.0,Não
EMP-0229,RH,Júnior,2022-05-31,Ativo,,,15116.54,10279.25,1305.3,500.0,Não
EMP-0230,Marketing,Júnior,2022-11-21,Ativo,,,12035.9,8184.41,1309.86,500.0,Não
EMP-0231,Operações,Júnior,2022-06-09,Ativo,,,7246.93,4927.91,2063.43,500.0,Não
EMP-0232,Vendas,Sênior,2022-05-03,Desligado,2022-07-01,Involuntário,12170.39,8275.87,881.84,500.0,Não
EMP-0233,Marketing,Pleno,2023-03-05,Desligado,2023-03-25,Voluntário,10669.14,7255.02,2334.92,500.0,Sim
EMP-0234,Vendas,Pleno,2022-06-12,Desligado,2022-12-22,Voluntário,9104.29,6190.92,2248.85,500.0,Não
EMP-0235,Tecnologia,Júnior,2023-09-09,Ativo,,,4526.01,3077.69,1935.27,500.0,Não
EMP-0236,Operações,Sênior,2022-11-30,Ativo,,,16242.37,11044.81,1808.48,500.0,Não
EMP-0237,Tecnologia,Júnior,2023-01-11,Ativo,,,9471.66,6440.73,2316.91,500.0,Não
EMP-0238,Tecnologia,Sênior,2024-02-15,Ativo,,,5516.65,3751.32,1115.06,500.0,Não
EMP-0239,Marketing,Pleno,2023-08-11,Ativo,,,8200.27,5576.18,934.25,500.0,Não
EMP-0240,Tecnologia,Júnior,2022-11-06,Desligado,2023-06-07,Involuntário,8919.01,6064.93,1207.17,500.0,Sim
EMP-0241,Financeiro,Pleno,2023-10-05,Ativo,,,15326.84,10422.25,2150.78,500.0,Não
EMP-0242,Financeiro,Júnior,2022-08-14,Ativo,,,13871.02,9432.29,858.94,500.0,Não
EMP-0243,Financeiro,Pleno,2023-11-06,Ativo,,,14424.23,9808.48,1790.77,500.0,Não
EMP-0244,Vendas,Pleno,2023-11-12,Ativo,,,2670.98,1816.27,2492.24,500.0,Sim
EMP-0245,Tecnologia,Júnior,2023-07-29,Ativo,,,8950.39,6086.27,2254.68,500.0,Não
EMP-0246,Financeiro,Sênior,2022-12-05,Ativo,,,9960.83,6773.36,1686.46,500.0,Não
EMP-0247,Vendas,Júnior,2023-07-29,Desligado,2024-08-11,Voluntário,2797.48,1902.29,908.19,500.0,Não
EMP-0248,Financeiro,Pleno,2023-05-22,Desligado,2023-12-30,Voluntário,6527.1,4438.43,2213.33,500.0,Sim
EMP-0249,Financeiro,Especialista/Gestão,2022-10-12,Ativo,,,14284.49,9713.45,1818.26,500.0,Não
EMP-0250,RH,Pleno,2022-07-06,Ativo,,,4625.2,3145.14,995.39,500.0,Não
EMP-0251,Tecnologia,Júnior,2022-07-09,Ativo,,,10797.31,7342.17,959.56,500.0,Não
EMP-0252,Vendas,Especialista/Gestão,2024-02-04,Ativo,,,5835.63,3968.23,2346.37,500.0,Não
EMP-0253,RH,Pleno,2023-06-16,Desligado,2023-07-15,Voluntário,2687.87,1827.75,1937.64,500.0,Não
EMP-0254,Vendas,Júnior,2023-03-29,Desligado,2023-05-22,Involuntário,6238.62,4242.26,2209.79,500.0,Não
EMP-0255,Tecnologia,Júnior,2023-06-08,Ativo,,,17626.04,11985.71,2294.26,500.0,Não
EMP-0256,Marketing,Sênior,2023-05-26,Ativo,,,14923.83,10148.2,1772.01,500.0,Não
EMP-0257,Financeiro,Pleno,2023-07-23,Desligado,2023-09-15,Voluntário,17373.44,11813.94,1679.66,500.0,Não
EMP-0258,Operações,Pleno,2022-05-26,Ativo,,,10061.74,6841.98,1531.73,500.0,Não
EMP-0259,Marketing,Sênior,2024-02-19,Desligado,2024-11-28,Involuntário,4200.91,2856.62,1338.81,500.0,Não
EMP-0260,Tecnologia,Sênior,2024-01-30,Ativo,,,10993.37,7475.49,1538.81,500.0,Sim
EMP-0261,Marketing,Júnior,2024-01-22,Desligado,2024-05-30,Voluntário,9542.85,6489.14,2115.6,500.0,Sim
EMP-0262,Financeiro,Júnior,2022-07-10,Ativo,,,15587.53,10599.52,1823.27,500.0,Sim
EMP-0263,Tecnologia,Júnior,2022-06-02,Ativo,,,4020.28,2733.79,2317.29,500.0,Não
EMP-0264,Vendas,Pleno,2023-05-18,Ativo,,,10067.74,6846.06,1553.75,500.0,Não
EMP-0265,RH,Júnior,2023-03-14,Desligado,2023-10-15,Involuntário,4825.75,3281.51,1832.05,500.0,Sim
EMP-0266,Operações,Pleno,2022-07-21,Desligado,2023-12-29,Voluntário,7532.48,5122.09,1873.22,500.0,Não
EMP-0267,Operações,Sênior,2022-12-11,Ativo,,,13929.03,9471.74,1805.89,500.0,Não
EMP-0268,Operações,Sênior,2022-10-14,Ativo,,,9878.28,6717.23,1994.48,500.0,Não
EMP-0269,Vendas,Júnior,2022-10-12,Ativo,,,8326.27,5661.86,1203.64,500.0,Não
EMP-0270,Tecnologia,Sênior,2023-10-02,Ativo,,,8614.38,5857.78,1671.02,500.0,Não
EMP-0271,Operações,Júnior,2023-07-04,Ativo,,,9621.42,6542.57,977.18,500.0,Sim
EMP-0272,Operações,Sênior,2022-08-22,Ativo,,,14667.76,9974.08,1453.67,500.0,Não
EMP-0273,RH,Júnior,2023-06-07,Ativo,,,16327.31,11102.57,1629.03,500.0,Não
EMP-0274,Financeiro,Júnior,2022-10-05,Desligado,2024-02-15,Voluntário,17307.69,11769.23,1908.78,500.0,Não
EMP-0275,Vendas,Sênior,2023-01-11,Ativo,,,14697.0,9993.96,2415.9,500.0,Não
EMP-0276,Vendas,Júnior,2023-07-18,Desligado,2024-04-11,Involuntário,7388.81,5024.39,1821.11,500.0,Não
EMP-0277,Operações,Júnior,2022-12-12,Desligado,2023-04-17,Involuntário,13166.09,8952.94,2064.11,500.0,Sim
EMP-0278,Marketing,Pleno,2022-06-17,Ativo,,,9282.85,6312.34,1660.65,500.0,Sim
EMP-0279,Operações,Pleno,2023-06-28,Desligado,2024-12-04,Involuntário,6447.39,4384.23,1877.98,500.0,Não
EMP-0280,Operações,Pleno,2023-10-16,Ativo,,,15533.51,10562.79,920.58,500.0,Não
EMP-0281,RH,Pleno,2022-07-10,Ativo,,,3095.61,2105.01,1232.47,500.0,Sim
EMP-0282,Vendas,Pleno,2022-05-22,Ativo,,,16477.31,11204.57,1415.15,500.0,Não
EMP-0283,Vendas,Júnior,2024-01-28,Ativo,,,9652.9,6563.97,1603.24,500.0,Não
EMP-0284,Tecnologia,Júnior,2023-10-06,Desligado,2024-08-13,Voluntário,12376.62,8416.1,877.6,500.0,Não
EMP-0285,Marketing,Júnior,2022-04-16,Ativo,,,12719.99,8649.59,1038.04,500.0,Não
EMP-0286,Tecnologia,Especialista/Gestão,2022-07-05,Ativo,,,16374.32,11134.54,1270.58,500.0,Não
EMP-0287,Vendas,Pleno,2022-11-29,Desligado,2024-04-27,Involuntário,12368.38,8410.5,2451.61,500.0,Não
EMP-0288,Vendas,Pleno,2022-09-18,Ativo,,,12015.97,8170.86,1363.29,500.0,Não
EMP-0289,Tecnologia,Pleno,2023-05-22,Desligado,2023-06-28,Voluntário,3533.11,2402.51,1619.47,500.0,Não
EMP-0290,Marketing,Especialista/Gestão,2023-08-11,Desligado,2024-03-27,Voluntário,10535.32,7164.02,1133.37,500.0,Não
EMP-0291,Tecnologia,Júnior,2023-08-06,Ativo,,,4827.62,3282.78,1838.33,500.0,Não
EMP-0292,Tecnologia,Pleno,2022-11-05,Desligado,2024-03-06,Involuntário,13930.22,9472.55,1277.16,500.0,Não
EMP-0293,Operações,Pleno,2023-05-16,Ativo,,,10439.44,7098.82,1151.89,500.0,Não
EMP-0294,Vendas,Pleno,2022-05-31,Ativo,,,13043.53,8869.6,1678.17,500.0,Não
EMP-0295,Tecnologia,Júnior,2022-09-16,Ativo,,,3145.93,2139.23,809.36,500.0,Não
EMP-0296,Vendas,Sênior,2023-04-24,Desligado,2024-08-01,Voluntário,3814.28,2593.71,813.03,500.0,Não
EMP-0297,Operações,Especialista/Gestão,2022-04-03,Desligado,2022-11-05,Voluntário,13603.01,9250.05,1172.42,500.0,Sim
EMP-0298,Tecnologia,Pleno,2023-05-05,Desligado,2023-07-16,Involuntário,3617.31,2459.77,862.43,500.0,Não
EMP-0299,Marketing,Pleno,2022-12-28,Ativo,,,3604.48,2451.05,983.64,500.0,Não
EMP-0300,Tecnologia,Especialista/Gestão,2023-07-10,Ativo,,,2687.68,1827.62,1376.06,500.0,Não
EMP-0301,Tecnologia,Pleno,2023-01-18,Desligado,2024-02-25,Voluntário,17325.77,11781.52,2164.4,500.0,Não
EMP-0302,Vendas,Júnior,2023-06-08,Ativo,,,13931.38,9473.34,1772.48,500.0,Não
EMP-0303,Vendas,Pleno,2023-10-22,Desligado,2024-09-30,Voluntário,7975.4,5423.27,1671.54,500.0,Não
EMP-0304,Marketing,Pleno,2024-02-07,Ativo,,,7096.3,4825.48,1298.93,500.0,Não
EMP-0305,Operações,Pleno,2023-08-12,Ativo,,,7920.4,5385.87,2383.98,500.0,Não
EMP-0306,Financeiro,Pleno,2022-09-06,Ativo,,,14507.13,9864.85,1474.93,500.0,Não
EMP-0307,Vendas,Especialista/Gestão,2022-10-12,Ativo,,,12751.24,8670.84,948.06,500.0,Não
EMP-0308,Vendas,Especialista/Gestão,2023-01-29,Ativo,,,5370.53,3651.96,1849.01,500.0,Sim
EMP-0309,Operações,Pleno,2022-11-09,Ativo,,,5198.69,3535.11,993.53,500.0,Não
EMP-0310,Tecnologia,Júnior,2022-05-30,Ativo,,,4025.13,2737.09,1386.88,500.0,Não
EMP-0311,Vendas,Especialista/Gestão,2023-11-15,Desligado,2023-12-27,Involuntário,12734.69,8659.59,1662.6,500.0,Não
EMP-0312,Tecnologia,Sênior,2023-10-08,Ativo,,,14347.78,9756.49,2286.18,500.0,Não
EMP-0313,Tecnologia,Júnior,2022-06-02,Ativo,,,6608.22,4493.59,1639.03,500.0,Não
EMP-0314,Financeiro,Especialista/Gestão,2023-02-16,Ativo,,,2824.65,1920.76,1993.84,500.0,Sim
EMP-0315,Operações,Sênior,2022-05-29,Ativo,,,3773.66,2566.09,2487.79,500.0,Não
EMP-0316,Operações,Pleno,2022-05-22,Ativo,,,17501.83,11901.24,1023.53,500.0,Não
EMP-0317,Vendas,Pleno,2023-11-20,Ativo,,,7079.39,4813.99,1267.04,500.0,Não
EMP-0318,Tecnologia,Júnior,2023-08-02,Ativo,,,14422.96,9807.61,1470.78,500.0,Sim
EMP-0319,Tecnologia,Júnior,2023-08-28,Desligado,2023-10-17,Voluntário,12182.29,8283.96,1517.11,500.0,Sim
EMP-0320,Tecnologia,Júnior,2023-09-26,Desligado,2024-05-15,Voluntário,8420.06,5725.64,1498.74,500.0,Não
EMP-0321,Vendas,Sênior,2022-09-09,Desligado,2023-03-16,Involuntário,5688.15,3867.94,2342.94,500.0,Não
EMP-0322,Operações,Júnior,2022-05-29,Desligado,2023-05-05,Voluntário,4381.49,2979.41,2013.86,500.0,Não
EMP-0323,Operações,Júnior,2023-09-03,Ativo,,,12032.7,8182.24,1833.44,500.0,Não
EMP-0324,Tecnologia,Júnior,2022-06-22,Desligado,2022-09-05,Voluntário,14506.82,9864.64,1325.93,500.0,Não
EMP-0325,Financeiro,Pleno,2022-10-08,Ativo,,,12480.52,8486.75,2200.44,500.0,Não
EMP-0326,Operações,Especialista/Gestão,2022-06-10,Ativo,,,10719.68,7289.38,2423.6,500.0,Não
EMP-0327,Marketing,Júnior,2023-12-01,Desligado,2025-04-10,Involuntário,3150.24,2142.16,2196.04,500.0,Não
EMP-0328,Marketing,Júnior,2022-06-09,Ativo,,,17511.58,11907.87,802.66,500.0,Sim
EMP-0329,Vendas,Pleno,2024-02-21,Ativo,,,14880.07,10118.45,1881.88,500.0,Não
EMP-0330,Tecnologia,Pleno,2022-11-27,Ativo,,,7038.74,4786.34,886.93,500.0,Sim
EMP-0331,Vendas,Júnior,2023-05-19,Ativo,,,17689.54,12028.89,1237.93,500.0,Não
EMP-0332,Operações,Pleno,2022-08-01,Ativo,,,11829.16,8043.83,901.19,500.0,Não
EMP-0333,Tecnologia,Júnior,2023-11-05,Desligado,2024-01-10,Voluntário,11527.55,7838.73,1826.45,500.0,Sim
EMP-0334,Tecnologia,Júnior,2022-12-09,Ativo,,,14095.13,9584.69,1967.2,500.0,Não
EMP-0335,Tecnologia,Pleno,2023-11-14,Ativo,,,15082.43,10256.05,994.63,500.0,Não
EMP-0336,Tecnologia,Pleno,2023-11-30,Ativo,,,12675.42,8619.29,1452.53,500.0,Não
EMP-0337,RH,Especialista/Gestão,2022-05-11,Desligado,2023-06-03,Involuntário,4485.48,3050.13,1575.6,500.0,Não
EMP-0338,Operações,Júnior,2023-12-26,Ativo,,,7743.15,5265.34,1427.39,500.0,Sim
EMP-0339,Vendas,Pleno,2022-06-23,Desligado,2023-03-17,Involuntário,16885.3,11482.0,1005.74,500.0,Não
EMP-0340,Tecnologia,Pleno,2023-06-04,Desligado,2024-02-19,Involuntário,5981.54,4067.45,1512.21,500.0,Não
EMP-0341,Vendas,Júnior,2024-02-03,Desligado,2024-10-07,Involuntário,8268.59,5622.64,2077.0,500.0,Não
EMP-0342,Vendas,Pleno,2023-11-19,Ativo,,,9197.19,6254.09,920.71,500.0,Não
EMP-0343,Tecnologia,Júnior,2023-10-31,Ativo,,,9310.78,6331.33,936.31,500.0,Não
EMP-0344,Vendas,Especialista/Gestão,2023-09-18,Ativo,,,12000.56,8160.38,1403.11,500.0,Não
EMP-0345,Vendas,Júnior,2023-02-18,Ativo,,,17117.68,11640.02,2400.93,500.0,Não
EMP-0346,Marketing,Pleno,2022-12-24,Ativo,,,6230.74,4236.9,1936.57,500.0,Não
EMP-0347,Marketing,Júnior,2022-10-27,Ativo,,,4383.27,2980.62,1953.74,500.0,Não
EMP-0348,Tecnologia,Especialista/Gestão,2024-02-15,Ativo,,,5560.79,3781.34,1415.26,500.0,Não
EMP-0349,Vendas,Pleno,2023-02-16,Ativo,,,16247.34,11048.19,1809.22,500.0,Não
EMP-0350,Marketing,Pleno,2022-12-01,Desligado,2023-01-09,Involuntário,12510.07,8506.85,817.22,500.0,Não
EMP-0351,Vendas,Júnior,2022-12-28,Ativo,,,6931.56,4713.46,1881.36,500.0,Não
EMP-0352,RH,Pleno,2023-05-11,Ativo,,,15147.18,10300.08,2352.59,500.0,Não
EMP-0353,Operações,Júnior,2022-08-13,Ativo,,,15851.23,10778.84,1841.37,500.0,Não
EMP-0354,Tecnologia,Sênior,2024-02-17,Ativo,,,15620.97,10622.26,2285.29,500.0,Não
EMP-0355,Tecnologia,Júnior,2024-01-21,Ativo,,,16743.36,11385.48,2030.75,500.0,Sim
EMP-0356,Marketing,Júnior,2023-02-02,Ativo,,,6409.74,4358.62,1004.95,500.0,Não
EMP-0357,Tecnologia,Júnior,2023-07-13,Ativo,,,14203.15,9658.14,2334.17,500.0,Não
EMP-0358,Marketing,Pleno,2023-02-18,Ativo,,,9638.36,6554.08,912.95,500.0,Sim
EMP-0359,Financeiro,Pleno,2022-06-14,Desligado,2024-01-12,Voluntário,15550.98,10574.67,1707.74,500.0,Sim
EMP-0360,Marketing,Júnior,2022-04-10,Ativo,,,13791.61,9378.29,1041.63,500.0,Sim
EMP-0361,Vendas,Sênior,2023-07-14,Ativo,,,14534.94,9883.76,819.9,500.0,Não
EMP-0362,Marketing,Pleno,2023-12-28,Desligado,2024-02-08,Voluntário,12670.51,8615.95,1517.46,500.0,Não
EMP-0363,Vendas,Pleno,2023-10-29,Ativo,,,5250.15,3570.1,1301.57,500.0,Não
EMP-0364,Vendas,Pleno,2022-07-12,Ativo,,,10947.92,7444.59,1626.2,500.0,Não
EMP-0365,Financeiro,Pleno,2022-06-15,Ativo,,,17762.38,12078.42,1781.24,500.0,Não
EMP-0366,Vendas,Pleno,2023-10-03,Desligado,2024-01-01,Voluntário,17029.52,11580.07,874.36,500.0,Não
EMP-0367,Financeiro,Júnior,2022-11-05,Ativo,,,3169.19,2155.05,1009.11,500.0,Não
EMP-0368,Financeiro,Júnior,2023-09-01,Ativo,,,5054.63,3437.15,1749.69,500.0,Não
EMP-0369,Tecnologia,Sênior,2022-12-28,Desligado,2023-08-20,Voluntário,4541.8,3088.42,1383.38,500.0,Não
EMP-0370,Tecnologia,Especialista/Gestão,2022-08-14,Desligado,2023-04-13,Involuntário,13752.69,9351.83,2039.59,500.0,Não
EMP-0371,Tecnologia,Júnior,2023-03-24,Ativo,,,15175.67,10319.46,1908.9,500.0,Não
EMP-0372,Tecnologia,Júnior,2022-06-10,Desligado,2022-06-26,Voluntário,5809.43,3950.41,2237.53,500.0,Não
EMP-0373,Tecnologia,Pleno,2022-12-07,Ativo,,,10340.72,7031.69,1977.24,500.0,Não
EMP-0374,Operações,Pleno,2023-04-14,Ativo,,,15530.9,10561.01,1530.88,500.0,Não
EMP-0375,Tecnologia,Júnior,2023-01-17,Desligado,2023-02-06,Voluntário,13858.42,9423.73,1944.04,500.0,Não
EMP-0376,Vendas,Júnior,2022-09-09,Ativo,,,10904.68,7415.18,1268.15,500.0,Não
EMP-0377,Operações,Pleno,2023-06-23,Ativo,,,11650.39,7922.27,1320.73,500.0,Não
EMP-0378,Tecnologia,Pleno,2023-10-09,Ativo,,,10379.59,7058.12,2141.27,500.0,Não
EMP-0379,Operações,Júnior,2023-02-04,Ativo,,,7112.0,4836.16,1558.91,500.0,Não
EMP-0380,Tecnologia,Júnior,2023-12-18,Ativo,,,11257.84,7655.33,2157.25,500.0,Não
EMP-0381,Tecnologia,Júnior,2024-01-30,Desligado,2025-04-22,Voluntário,13177.72,8960.85,2198.12,500.0,Não
EMP-0382,Operações,Pleno,2023-09-24,Ativo,,,16036.51,10904.83,2257.86,500.0,Não
EMP-0383,Marketing,Júnior,2022-04-09,Ativo,,,12362.52,8406.51,2358.28,500.0,Não
EMP-0384,RH,Júnior,2024-02-13,Desligado,2025-06-03,Involuntário,14297.38,9722.22,1532.67,500.0,Sim
EMP-0385,Operações,Sênior,2023-10-20,Ativo,,,4981.11,3387.15,1342.07,500.0,Sim
EMP-0386,Operações,Júnior,2023-02-01,Ativo,,,9654.14,6564.82,1789.74,500.0,Não
EMP-0387,Tecnologia,Pleno,2024-02-09,Ativo,,,2644.64,1798.36,1430.99,500.0,Não
EMP-0388,Tecnologia,Júnior,2022-07-16,Desligado,2023-08-04,Involuntário,6323.52,4299.99,1821.83,500.0,Não
EMP-0389,Operações,Júnior,2022-08-16,Ativo,,,13760.16,9356.91,1999.5,500.0,Não
EMP-0390,Operações,Júnior,2022-12-27,Ativo,,,17873.05,12153.67,1970.29,500.0,Não
EMP-0391,Financeiro,Pleno,2022-07-28,Desligado,2023-04-19,Involuntário,4037.26,2745.34,1436.74,500.0,Não
EMP-0392,Vendas,Sênior,2022-07-19,Desligado,2022-10-03,Involuntário,8723.16,5931.75,1083.66,500.0,Não
EMP-0393,Vendas,Sênior,2023-10-19,Desligado,2024-01-04,Involuntário,14901.1,10132.75,1531.9,500.0,Não
EMP-0394,Operações,Júnior,2022-09-07,Ativo,,,5662.55,3850.53,1042.41,500.0,Não
EMP-0395,Vendas,Pleno,2023-01-04,Ativo,,,11103.82,7550.6,2313.16,500.0,Sim
EMP-0396,Financeiro,Júnior,2023-01-14,Ativo,,,13862.61,9426.57,1387.99,500.0,Não
EMP-0397,RH,Júnior,2023-12-11,Ativo,,,12047.77,8192.48,1062.58,500.0,Não
EMP-0398,Vendas,Sênior,2022-11-02,Desligado,2023-02-28,Involuntário,5414.38,3681.78,843.26,500.0,Não
EMP-0399,Operações,Júnior,2023-03-18,Ativo,,,8008.46,5445.75,1897.9,500.0,Não
EMP-0400,Operações,Júnior,2022-10-26,Ativo,,,14648.77,9961.16,1882.73,500.0,Sim
EMP-0401,Tecnologia,Júnior,2024-03-04,Desligado,2025-10-01,Involuntário,11090.51,7541.55,1379.03,500.0,Sim
EMP-0402,Financeiro,Júnior,2024-01-10,Desligado,2024-06-09,Voluntário,2581.06,1755.12,921.91,500.0,Não
EMP-0403,Vendas,Júnior,2022-12-27,Desligado,2024-01-27,Voluntário,14295.36,9720.84,1496.37,500.0,Sim
EMP-0404,Operações,Pleno,2023-08-31,Ativo,,,3047.33,2072.18,1329.07,500.0,Não
EMP-0405,Vendas,Pleno,2023-08-14,Ativo,,,14058.87,9560.03,1951.11,500.0,Não
EMP-0406,RH,Sênior,2022-12-14,Ativo,,,5638.45,3834.15,1829.82,500.0,Sim
EMP-0407,Vendas,Sênior,2022-05-23,Ativo,,,17350.14,11798.1,1419.81,500.0,Não
EMP-0408,Tecnologia,Júnior,2022-07-04,Ativo,,,8203.08,5578.09,1170.42,500.0,Não
EMP-0409,Financeiro,Júnior,2024-01-10,Ativo,,,7567.44,5145.86,2479.66,500.0,Não
EMP-0410,Tecnologia,Júnior,2023-06-08,Ativo,,,4807.76,3269.28,1571.8,500.0,Não
EMP-0411,Vendas,Pleno,2023-01-09,Desligado,2023-03-31,Involuntário,7236.87,4921.07,1970.07,500.0,Não
EMP-0412,Financeiro,Júnior,2022-05-16,Desligado,2023-01-14,Voluntário,16088.09,10939.9,1038.94,500.0,Sim
EMP-0413,Financeiro,Pleno,2022-04-04,Desligado,2022-12-07,Voluntário,17943.18,12201.36,1625.5,500.0,Não
EMP-0414,Marketing,Pleno,2023-03-08,Desligado,2023-04-04,Voluntário,8208.8,5581.98,846.81,500.0,Não
EMP-0415,Marketing,Pleno,2022-08-12,Ativo,,,9453.46,6428.35,1659.27,500.0,Não
EMP-0416,Vendas,Pleno,2024-01-13,Ativo,,,13692.1,9310.63,2438.83,500.0,Não
EMP-0417,Tecnologia,Júnior,2022-12-25,Desligado,2023-02-05,Involuntário,16236.03,11040.5,1453.15,500.0,Não
EMP-0418,Vendas,Especialista/Gestão,2022-09-13,Desligado,2022-10-28,Involuntário,11692.19,7950.69,866.29,500.0,Não
EMP-0419,Operações,Sênior,2023-06-27,Ativo,,,8568.65,5826.68,852.62,500.0,Não
EMP-0420,Operações,Júnior,2023-10-17,Ativo,,,8895.64,6049.04,1459.58,500.0,Não
EMP-0421,Operações,Sênior,2023-06-12,Ativo,,,13282.08,9031.81,1072.04,500.0,Não
EMP-0422,Operações,Pleno,2023-10-27,Ativo,,,2549.88,1733.92,839.7,500.0,Não
EMP-0423,Tecnologia,Sênior,2022-04-10,Desligado,2022-04-25,Involuntário,12103.63,8230.47,2085.56,500.0,Não
EMP-0424,Vendas,Sênior,2022-07-24,Desligado,2023-06-20,Involuntário,8010.14,5446.9,1579.49,500.0,Não
EMP-0425,Tecnologia,Pleno,2022-06-17,Ativo,,,14810.06,10070.84,1291.72,500.0,Não
EMP-0426,Vendas,Júnior,2024-03-08,Ativo,,,3941.35,2680.12,2330.14,500.0,Não
EMP-0427,Vendas,Júnior,2022-08-31,Desligado,2022-10-21,Voluntário,11617.14,7899.66,997.44,500.0,Não
EMP-0428,RH,Pleno,2023-10-11,Ativo,,,9955.08,6769.45,2425.06,500.0,Não
EMP-0429,Vendas,Pleno,2022-05-07,Ativo,,,12456.05,8470.11,1333.74,500.0,Não
EMP-0430,Tecnologia,Júnior,2023-04-14,Ativo,,,3505.23,2383.56,2310.29,500.0,Não
EMP-0431,Tecnologia,Júnior,2023-11-18,Ativo,,,11489.75,7813.03,1825.0,500.0,Não
EMP-0432,Operações,Sênior,2023-10-18,Ativo,,,11203.01,7618.05,2205.4,500.0,Não
EMP-0433,Marketing,Especialista/Gestão,2022-08-30,Ativo,,,11190.23,7609.36,2472.82,500.0,Sim
EMP-0434,Tecnologia,Pleno,2023-06-15,Ativo,,,11854.06,8060.76,1290.29,500.0,Não
EMP-0435,Tecnologia,Júnior,2022-08-09,Desligado,2023-10-25,Involuntário,12985.25,8829.97,2433.93,500.0,Não
EMP-0436,Operações,Júnior,2022-05-13,Desligado,2022-08-11,Voluntário,14977.33,10184.58,1462.12,500.0,Sim
EMP-0437,Tecnologia,Júnior,2023-02-10,Ativo,,,6682.22,4543.91,1455.37,500.0,Não
EMP-0438,Operações,Especialista/Gestão,2023-04-09,Ativo,,,15288.27,10396.02,1378.66,500.0,Não
EMP-0439,Operações,Júnior,2022-05-11,Desligado,2023-03-15,Involuntário,10222.96,6951.61,1720.39,500.0,Não
EMP-0440,Tecnologia,Pleno,2023-04-02,Ativo,,,3694.4,2512.19,1062.05,500.0,Sim
EMP-0441,Tecnologia,Júnior,2022-11-02,Ativo,,,3407.54,2317.13,1741.31,500.0,Não
EMP-0442,Financeiro,Pleno,2024-02-28,Desligado,2024-04-02,Voluntário,7680.69,5222.87,1720.9,500.0,Não
EMP-0443,Vendas,Pleno,2022-12-12,Ativo,,,14665.9,9972.81,2095.23,500.0,Não
EMP-0444,Vendas,Sênior,2024-02-12,Ativo,,,13469.05,9158.95,2217.2,500.0,Não
EMP-0445,Operações,Júnior,2022-07-15,Ativo,,,14723.53,10012.0,1548.75,500.0,Não
EMP-0446,Financeiro,Júnior,2023-03-29,Desligado,2023-08-03,Involuntário,10517.67,7152.02,1313.97,500.0,Sim
EMP-0447,Financeiro,Júnior,2023-10-26,Ativo,,,9323.08,6339.69,1240.87,500.0,Não
EMP-0448,Operações,Especialista/Gestão,2023-05-22,Ativo,,,4785.51,3254.15,1130.86,500.0,Não
EMP-0449,Vendas,Sênior,2023-12-27,Ativo,,,7586.99,5159.15,898.0,500.0,Não
EMP-0450,Tecnologia,Pleno,2022-09-06,Ativo,,,9227.3,6274.56,1382.16,500.0,Não
EMP-0451,Operações,Pleno,2022-11-29,Ativo,,,3873.31,2633.85,1259.42,500.0,Não
EMP-0452,Marketing,Pleno,2022-09-14,Ativo,,,5919.49,4025.25,2442.91,500.0,Não
EMP-0453,Vendas,Júnior,2022-09-29,Ativo,,,11772.49,8005.29,1748.11,500.0,Não
EMP-0454,Financeiro,Especialista/Gestão,2023-05-28,Ativo,,,13902.78,9453.89,1390.37,500.0,Não
EMP-0455,Tecnologia,Pleno,2022-04-26,Desligado,2023-05-26,Voluntário,17974.39,12222.59,1786.79,500.0,Não
EMP-0456,Vendas,Júnior,2022-10-01,Ativo,,,16963.26,11535.02,1036.63,500.0,Não
EMP-0457,Tecnologia,Pleno,2023-03-07,Ativo,,,12459.76,8472.64,1554.87,500.0,Não
EMP-0458,Vendas,Júnior,2023-05-27,Ativo,,,9029.34,6139.95,1864.6,500.0,Não
EMP-0459,Tecnologia,Júnior,2024-02-15,Desligado,2024-10-10,Involuntário,12360.75,8405.31,1631.13,500.0,Não
EMP-0460,Tecnologia,Pleno,2022-12-11,Ativo,,,14677.6,9980.77,1483.02,500.0,Não
EMP-0461,Tecnologia,Júnior,2022-12-30,Ativo,,,4334.21,2947.26,2489.54,500.0,Não
EMP-0462,Marketing,Pleno,2022-09-11,Ativo,,,8853.53,6020.4,2296.54,500.0,Não
EMP-0463,Operações,Júnior,2022-07-20,Desligado,2023-03-23,Voluntário,15516.94,10551.52,1859.79,500.0,Não
EMP-0464,Marketing,Júnior,2023-04-27,Ativo,,,8449.41,5745.6,1767.94,500.0,Não
EMP-0465,Financeiro,Júnior,2022-05-10,Ativo,,,11364.02,7727.53,1855.12,500.0,Não
EMP-0466,Vendas,Júnior,2023-07-26,Desligado,2024-07-07,Involuntário,11610.43,7895.09,1142.23,500.0,Não
EMP-0467,Tecnologia,Pleno,2022-11-14,Ativo,,,5359.38,3644.38,1471.73,500.0,Não
EMP-0468,RH,Júnior,2022-10-22,Ativo,,,8114.65,5517.96,867.08,500.0,Não
EMP-0469,Tecnologia,Pleno,2023-07-16,Ativo,,,7684.92,5225.75,1608.43,500.0,Não
EMP-0470,Financeiro,Pleno,2023-03-25,Ativo,,,2906.05,1976.11,1723.14,500.0,Não
EMP-0471,Tecnologia,Pleno,2023-02-07,Ativo,,,2874.97,1954.98,1187.17,500.0,Não
EMP-0472,Financeiro,Especialista/Gestão,2022-11-20,Ativo,,,15391.3,10466.08,2438.85,500.0,Sim
EMP-0473,Tecnologia,Pleno,2022-11-15,Ativo,,,6732.6,4578.17,2346.07,500.0,Não
EMP-0474,RH,Júnior,2022-04-25,Ativo,,,10530.22,7160.55,2027.64,500.0,Não
EMP-0475,Vendas,Júnior,2024-02-05,Ativo,,,7130.25,4848.57,1706.76,500.0,Não
EMP-0476,Financeiro,Júnior,2022-10-15,Ativo,,,17080.53,11614.76,2278.95,500.0,Sim
EMP-0477,Tecnologia,Pleno,2023-05-14,Ativo,,,6519.1,4432.99,1022.11,500.0,Não
EMP-0478,Marketing,Júnior,2023-03-03,Ativo,,,9159.68,6228.58,2143.87,500.0,Sim
EMP-0479,Financeiro,Pleno,2023-01-11,Ativo,,,16027.32,10898.58,1012.2,500.0,Não
EMP-0480,Vendas,Pleno,2022-06-11,Ativo,,,15549.97,10573.98,2150.16,500.0,Não
EMP-0481,Marketing,Júnior,2023-01-11,Ativo,,,5384.57,3661.51,1268.8,500.0,Não
EMP-0482,Operações,Sênior,2023-03-26,Desligado,2024-04-26,Involuntário,14940.97,10159.86,2291.05,500.0,Não
EMP-0483,Vendas,Júnior,2024-01-17,Ativo,,,9601.9,6529.29,2404.87,500.0,Não
EMP-0484,Marketing,Júnior,2023-09-04,Desligado,2024-05-17,Voluntário,9986.02,6790.49,1052.95,500.0,Não
EMP-0485,Marketing,Pleno,2023-05-15,Ativo,,,4568.94,3106.88,1586.55,500.0,Não
EMP-0486,Financeiro,Pleno,2024-02-25,Ativo,,,3749.32,2549.54,2467.68,500.0,Não
EMP-0487,Tecnologia,Pleno,2023-10-02,Ativo,,,13783.06,9372.48,1621.79,500.0,Sim
EMP-0488,Tecnologia,Pleno,2023-03-06,Ativo,,,10195.15,6932.7,2268.03,500.0,Não
EMP-0489,Financeiro,Júnior,2022-04-29,Ativo,,,9271.19,6304.41,1800.84,500.0,Não
EMP-0490,RH,Sênior,2022-07-28,Ativo,,,13807.38,9389.02,1438.06,500.0,Não
EMP-0491,Vendas,Sênior,2022-12-24,Desligado,2023-02-06,Voluntário,14365.45,9768.51,1285.83,500.0,Sim
EMP-0492,Marketing,Pleno,2022-09-30,Ativo,,,4963.08,3374.89,1145.48,500.0,Não
EMP-0493,Tecnologia,Júnior,2023-11-16,Desligado,2024-12-05,Voluntário,11958.49,8131.77,2095.06,500.0,Não
EMP-0494,Tecnologia,Pleno,2022-12-28,Desligado,2023-02-15,Voluntário,4597.99,3126.63,1457.12,500.0,Não
EMP-0495,Vendas,Júnior,2022-05-10,Ativo,,,14146.31,9619.49,1669.17,500.0,Sim
EMP-0496,Vendas,Júnior,2022-07-21,Ativo,,,12682.8,8624.3,1636.95,500.0,Não
EMP-0497,Marketing,Especialista/Gestão,2023-12-02,Ativo,,,17327.53,11782.72,1781.37,500.0,Sim
EMP-0498,Tecnologia,Júnior,2023-06-19,Ativo,,,3568.85,2426.82,2271.48,500.0,Não
EMP-0499,Financeiro,Especialista/Gestão,2023-03-20,Ativo,,,3384.35,2301.36,2467.26,500.0,Não
EMP-0500,Financeiro,Pleno,2023-02-16,Ativo,,,6873.9,4674.25,1492.89,500.0,Não
