ID_Colaborador,Nota_Avaliacao_Anterior,Nota_Avaliacao_Atual,Nota_Fit_Cultural,Participou_Treinamento_Estrategico,eNPS_Nota,Receita_Gerada_BRL
EMP-0001,100.0,71.5,79.5,Sim,8,33229.65
EMP-0002,41.3,70.8,78.3,Não,9,31280.92
EMP-0003,66.0,64.6,82.1,Não,6,9129.85
EMP-0004,49.6,66.8,68.6,Não,1,24544.16
EMP-0005,92.2,85.6,66.8,Não,10,26446.38
EMP-0006,66.9,79.0,89.1,Sim,9,27356.14
EMP-0007,67.9,78.7,77.8,Não,9,36213.33
EMP-0008,75.3,68.4,89.1,Não,9,33938.85
EMP-0009,69.9,72.8,93.2,Sim,8,37567.81
EMP-0010,62.9,78.4,94.0,Não,7,45234.68
EMP-0011,54.9,76.5,65.8,Não,8,47584.03
EMP-0012,72.0,84.3,75.0,Não,8,42950.91
EMP-0013,74.5,95.8,87.4,Sim,7,54545.65
EMP-0014,78.3,71.9,87.5,Sim,8,8767.99
EMP-0015,93.0,90.5,100.0,Sim,9,17439.36
EMP-0016,43.9,62.0,72.9,Não,10,8246.84
EMP-0017,69.2,99.9,93.7,Não,7,39500.41
EMP-0018,84.3,70.8,85.7,Sim,9,51737.64
EMP-0019,68.5,83.3,65.6,Não,9,19769.27
EMP-0020,41.9,62.0,76.5,Não,2,53154.23
EMP-0021,54.5,73.2,84.6,Não,8,10820.95
EMP-0022,73.9,93.5,65.0,Não,10,53515.72
EMP-0023,73.5,65.2,61.3,Não,8,25050.87
EMP-0024,78.1,100.0,64.4,Não,8,12830.91
EMP-0025,60.6,74.9,84.6,Não,10,31607.65
EMP-0026,73.1,91.9,77.2,Sim,9,20418.56
EMP-0027,58.6,85.0,75.8,Sim,5,21790.79
EMP-0028,73.1,85.7,76.1,Sim,10,22885.63
EMP-0029,70.6,57.9,67.8,Não,9,47097.58
EMP-0030,60.1,74.5,77.4,Sim,7,34210.34
EMP-0031,88.7,94.6,63.8,Sim,8,23081.88
EMP-0032,49.5,70.9,93.9,Não,10,37686.42
EMP-0033,68.3,81.9,98.9,Sim,10,42854.58
EMP-0034,59.9,61.6,58.7,Sim,10,21192.54
EMP-0035,92.0,73.7,77.3,Sim,6,28075.38
EMP-0036,77.2,88.5,78.0,Não,9,13830.43
EMP-0037,62.2,64.8,80.3,Sim,7,16724.87
EMP-0038,66.6,83.6,92.0,Não,5,41143.56
EMP-0039,92.3,77.1,77.3,Não,9,16738.99
EMP-0040,58.6,72.2,81.1,Não,6,33526.66
EMP-0041,48.8,71.6,100.0,Não,5,42507.59
EMP-0042,73.5,69.1,80.9,Não,3,13097.39
EMP-0043,73.8,75.4,99.7,Sim,10,35585.24
EMP-0044,78.0,91.4,87.0,Sim,7,20408.1
EMP-0045,78.1,75.0,76.5,Sim,8,54907.23
EMP-0046,91.2,100.0,74.8,Sim,6,31494.05
EMP-0047,49.4,83.8,81.9,Sim,9,47242.47
EMP-0048,55.6,73.3,70.7,Sim,8,34750.76
EMP-0049,77.9,86.7,73.4,Não,10,9997.76
EMP-0050,56.7,82.5,77.8,Não,9,38800.86
EMP-0051,52.5,60.3,84.9,Sim,10,54344.4
EMP-0052,92.4,62.6,100.0,Não,8,37260.43
EMP-0053,50.6,78.8,77.2,Sim,7,47887.0
EMP-0054,65.8,61.2,86.6,Sim,7,51062.48
EMP-0055,69.3,100.0,65.7,Não,6,19017.0
EMP-0056,85.7,90.1,92.6,Sim,10,18233.85
EMP-0057,47.6,80.0,64.8,Sim,7,37718.05
EMP-0058,75.0,70.9,90.0,Não,10,27952.27
EMP-0059,59.3,67.8,81.2,Não,10,48896.64
EMP-0060,77.5,51.4,80.8,Não,8,51834.98
EMP-0061,59.1,59.4,79.0,Sim,5,25138.72
EMP-0062,88.9,97.8,69.0,Não,7,19446.32
EMP-0063,59.2,93.9,69.5,Não,8,45998.67
EMP-0064,40.5,68.1,90.4,Não,9,21299.11
EMP-0065,60.5,85.9,82.1,Não,10,48054.29
EMP-0066,66.9,81.1,78.9,Não,7,28573.02
EMP-0067,83.0,87.7,86.4,Sim,9,40480.88
EMP-0068,54.9,57.9,83.0,Não,10,12543.47
EMP-0069,55.1,53.3,74.1,Não,7,38347.02
EMP-0070,81.5,89.2,100.0,Não,9,29942.0
EMP-0071,53.5,51.2,89.4,Não,10,36527.67
EMP-0072,67.9,73.2,83.3,Não,7,16083.36
EMP-0073,68.1,70.6,76.9,Não,7,43866.68
EMP-0074,72.6,69.5,91.5,Não,5,50016.82
EMP-0075,61.0,78.8,74.1,Não,7,18463.15
EMP-0076,58.9,66.9,73.3,Não,10,12552.23
EMP-0077,74.0,84.9,98.9,Sim,5,9032.01
EMP-0078,59.2,81.9,82.3,Sim,8,39231.63
EMP-0079,53.7,100.0,74.4,Não,10,37528.21
EMP-0080,84.7,58.4,82.1,Não,9,34578.4
EMP-0081,75.9,75.4,90.5,Não,8,19205.87
EMP-0082,91.2,80.2,88.2,Não,7,26969.48
EMP-0083,79.4,77.1,91.7,Sim,8,36911.93
EMP-0084,54.8,64.2,69.5,Sim,8,32139.79
EMP-0085,71.2,90.1,91.5,Não,7,56121.34
EMP-0086,57.8,84.2,80.2,Sim,6,14541.27
EMP-0087,50.2,65.0,82.9,Sim,7,41828.62
EMP-0088,64.6,85.5,94.1,Sim,9,27624.57
EMP-0089,81.8,100.0,89.0,Sim,1,28790.91
EMP-0090,73.3,74.6,85.5,Não,10,42925.26
EMP-0091,53.3,80.2,62.2,Sim,8,41696.34
EMP-0092,64.2,93.8,81.5,Não,5,56290.83
EMP-0093,68.3,68.6,74.2,Sim,8,14148.31
EMP-0094,49.7,95.7,89.1,Não,7,12962.24
EMP-0095,78.6,91.9,91.9,Sim,7,43254.47
EMP-0096,67.3,63.9,79.0,Não,10,36126.14
EMP-0097,53.3,67.0,75.3,Não,10,21267.6
EMP-0098,52.6,73.9,97.6,Sim,7,11756.36
EMP-0099,83.2,53.0,76.0,Não,8,12061.06
EMP-0100,65.4,78.1,70.1,Não,8,51550.13
EMP-0101,84.3,64.5,73.7,Não,9,17248.35
EMP-0102,88.9,83.8,76.5,Sim,7,23671.08
EMP-0103,82.3,59.5,73.4,Não,8,18947.46
EMP-0104,63.6,86.1,90.5,Não,7,25215.64
EMP-0105,40.0,89.1,60.0,Sim,7,11268.17
EMP-0106,73.8,71.7,73.2,Sim,8,33228.58
EMP-0107,95.1,79.3,81.5,Não,8,11179.69
EMP-0108,69.6,76.0,84.1,Não,10,46967.23
EMP-0109,46.1,92.8,98.9,Não,4,19292.08
EMP-0110,61.9,62.6,97.5,Não,9,34251.87
EMP-0111,67.8,73.2,66.0,Não,6,50860.91
EMP-0112,56.8,72.5,62.9,Sim,9,39666.6
EMP-0113,39.2,80.7,82.2,Sim,9,33907.37
EMP-0114,68.8,81.4,75.3,Não,4,23718.06
EMP-0115,60.6,67.2,70.1,Não,10,24141.43
EMP-0116,91.3,75.8,82.2,Sim,8,40575.5
EMP-0117,71.2,86.6,84.3,Não,0,56431.64
EMP-0118,75.6,91.3,73.6,Não,2,40201.98
EMP-0119,68.6,80.9,75.8,Não,6,35119.84
EMP-0120,71.1,73.3,74.4,Não,10,43562.74
EMP-0121,50.2,72.2,77.9,Não,8,30598.32
EMP-0122,57.5,86.8,87.4,Sim,9,10814.87
EMP-0123,83.1,77.7,71.2,Não,10,35340.28
EMP-0124,72.5,55.2,75.6,Não,2,54648.28
EMP-0125,65.2,81.9,78.0,Não,10,16439.36
EMP-0126,75.8,64.7,81.9,Não,7,41577.61
EMP-0127,76.1,58.0,84.8,Não,7,17691.16
EMP-0128,93.9,60.2,100.0,Sim,7,34047.52
EMP-0129,72.0,77.6,87.7,Sim,6,12599.18
EMP-0130,57.2,62.8,88.0,Não,9,29873.78
EMP-0131,68.6,52.3,79.3,Sim,7,44808.8
EMP-0132,77.3,75.9,72.2,Sim,3,24853.02
EMP-0133,81.9,69.1,76.7,Não,7,40352.03
EMP-0134,50.6,73.2,74.9,Não,9,46727.56
EMP-0135,73.0,72.7,85.9,Sim,7,53161.23
EMP-0136,59.2,97.0,65.5,Não,10,19337.49
EMP-0137,63.2,81.2,87.9,Não,9,27380.24
EMP-0138,80.2,69.0,80.8,Não,2,15321.55
EMP-0139,79.0,74.2,89.3,Não,7,56350.76
EMP-0140,61.9,92.0,74.8,Não,5,53152.6
EMP-0141,68.1,91.7,73.0,Sim,0,34249.22
EMP-0142,63.6,63.4,77.9,Sim,8,49002.74
EMP-0143,100.0,63.3,77.7,Não,9,33321.28
EMP-0144,73.3,65.6,90.1,Não,10,38333.66
EMP-0145,59.9,69.7,90.0,Não,9,12230.36
EMP-0146,85.9,67.9,100.0,Não,4,44765.19
EMP-0147,86.3,75.4,77.0,Não,9,14115.06
EMP-0148,91.5,83.8,48.5,Não,10,48222.96
EMP-0149,95.1,91.0,77.9,Sim,7,46072.06
EMP-0150,78.5,76.3,84.3,Sim,10,42492.85
EMP-0151,65.8,55.4,89.1,Não,10,9643.58
EMP-0152,67.6,67.7,85.0,Sim,7,22682.39
EMP-0153,66.5,74.0,77.0,Sim,9,20727.99
EMP-0154,65.2,60.1,99.1,Não,9,25466.68
EMP-0155,84.9,88.7,71.7,Não,10,12157.98
EMP-0156,70.0,60.8,79.3,Não,8,53638.89
EMP-0157,81.7,87.6,71.2,Sim,7,34925.39
EMP-0158,78.1,60.0,82.2,Sim,10,22799.42
EMP-0159,56.8,88.1,97.9,Sim,7,27266.21
EMP-0160,49.4,73.3,80.6,Não,10,29719.04
EMP-0161,55.2,98.4,80.7,Sim,5,37210.74
EMP-0162,64.9,61.4,65.0,Não,9,33063.47
EMP-0163,71.6,68.2,79.1,Não,8,52780.97
EMP-0164,62.2,70.6,93.5,Não,4,32149.37
EMP-0165,78.4,78.4,79.5,Sim,0,56334.88
EMP-0166,63.7,70.8,78.8,Não,9,49461.43
EMP-0167,73.1,71.1,93.1,Não,10,18061.21
EMP-0168,71.4,70.9,78.9,Não,8,53328.14
EMP-0169,90.8,50.1,94.9,Não,9,13560.87
EMP-0170,58.3,92.1,69.2,Sim,0,47802.05
EMP-0171,96.5,100.0,88.8,Não,8,26467.27
EMP-0172,62.9,83.8,98.5,Sim,8,50758.09
EMP-0173,53.9,66.6,92.1,Sim,9,50273.72
EMP-0174,67.4,67.8,63.3,Sim,8,47239.19
EMP-0175,100.0,82.4,75.6,Não,8,46462.88
EMP-0176,80.7,79.6,79.6,Não,1,22758.14
EMP-0177,77.2,76.8,92.1,Sim,9,11829.62
EMP-0178,79.5,84.0,68.7,Não,9,27559.19
EMP-0179,60.8,55.4,71.8,Sim,10,16352.49
EMP-0180,73.9,84.0,65.9,Não,9,41819.17
EMP-0181,70.0,83.1,73.7,Sim,7,24781.15
EMP-0182,91.7,68.2,69.5,Sim,4,55526.68
EMP-0183,68.7,57.8,98.0,Não,10,39182.82
EMP-0184,65.5,81.7,75.5,Sim,2,48047.77
EMP-0185,56.0,91.9,88.9,Não,9,14350.03
EMP-0186,71.7,77.5,82.2,Sim,9,49978.6
EMP-0187,73.5,64.8,82.0,Não,9,52945.32
EMP-0188,55.6,82.5,76.1,Sim,10,31665.78
EMP-0189,75.4,96.9,89.7,Não,4,37487.12
EMP-0190,72.8,80.2,83.5,Não,9,45231.09
EMP-0191,82.2,86.7,83.0,Sim,7,16416.68
EMP-0192,84.5,89.7,76.1,Não,7,32423.0
EMP-0193,71.1,85.9,77.7,Sim,5,27348.35
EMP-0194,57.6,65.6,87.9,Não,9,15026.46
EMP-0195,60.0,59.3,84.3,Sim,10,25828.0
EMP-0196,91.1,63.9,83.2,Não,9,11207.04
EMP-0197,72.0,61.7,74.5,Não,10,9138.13
EMP-0198,91.0,82.9,100.0,Não,10,14479.07
EMP-0199,76.0,84.6,77.2,Não,3,54916.4
EMP-0200,79.0,77.1,81.7,Não,7,34716.73
EMP-0201,81.3,59.8,80.1,Não,7,55048.61
EMP-0202,55.3,96.4,100.0,Não,7,29000.86
EMP-0203,73.7,70.0,79.1,Não,9,23106.71
EMP-0204,55.2,87.4,78.2,Sim,10,32597.66
EMP-0205,66.6,75.6,83.2,Não,6,29343.41
EMP-0206,77.7,77.5,75.1,Não,1,13038.18
EMP-0207,57.7,81.8,83.1,Não,4,39175.7
EMP-0208,76.7,66.6,100.0,Não,1,18428.87
EMP-0209,52.0,95.9,85.0,Sim,9,38138.4
EMP-0210,83.7,56.0,84.6,Não,10,39633.57
EMP-0211,62.0,67.7,74.8,Sim,9,15302.45
EMP-0212,57.7,95.7,99.1,Sim,10,10873.83
EMP-0213,52.8,87.3,100.0,Sim,9,46010.18
EMP-0214,63.0,100.0,90.5,Não,7,30334.33
EMP-0215,47.1,81.0,88.5,Sim,8,10718.23
EMP-0216,63.4,100.0,79.7,Sim,3,56467.16
EMP-0217,83.2,52.7,85.9,Não,8,10699.51
EMP-0218,67.7,63.2,73.6,Sim,5,41823.29
EMP-0219,55.9,90.9,70.7,Sim,9,55920.74
EMP-0220,72.7,59.3,67.1,Sim,9,19559.13
EMP-0221,71.7,77.8,86.1,Sim,8,14825.01
EMP-0222,93.5,89.0,68.2,Não,10,13805.98
EMP-0223,79.5,86.2,77.0,Sim,10,22689.55
EMP-0224,73.7,75.1,81.4,Não,10,12812.6
EMP-0225,80.9,69.6,92.0,Não,10,41682.92
EMP-0226,68.4,82.6,76.2,Sim,7,10919.83
EMP-0227,69.1,87.1,93.1,Sim,10,32757.85
EMP-0228,89.9,67.1,91.4,Não,7,56556.55
EMP-0229,50.4,79.5,71.3,Não,8,47632.12
EMP-0230,81.6,93.1,93.2,Sim,10,37925.04
EMP-0231,68.7,77.5,79.2,Sim,10,22835.03
EMP-0232,66.5,75.8,77.0,Não,9,38348.82
EMP-0233,63.4,86.0,79.2,Sim,10,33618.39
EMP-0234,71.8,86.8,82.0,Sim,8,28687.56
EMP-0235,69.5,85.5,77.8,Não,8,14261.43
EMP-0236,65.0,62.8,73.6,Não,8,51179.6
EMP-0237,61.6,73.9,74.5,Sim,10,29845.14
EMP-0238,47.1,69.1,83.4,Não,7,17382.93
EMP-0239,61.3,69.4,80.4,Sim,7,25839.0
EMP-0240,63.9,53.4,87.3,Não,7,28103.74
EMP-0241,71.8,35.9,82.5,Não,7,48294.77
EMP-0242,93.6,89.3,82.8,Não,7,43707.49
EMP-0243,62.6,56.4,87.9,Não,7,45450.65
EMP-0244,57.7,93.8,96.2,Não,8,8416.24
EMP-0245,61.4,83.9,96.6,Não,9,28202.62
EMP-0246,71.8,70.1,95.4,Não,8,31386.51
EMP-0247,77.1,87.6,90.7,Sim,9,8814.84
EMP-0248,78.7,80.1,100.0,Não,9,20566.85
EMP-0249,79.9,61.8,86.4,Não,6,45010.33
EMP-0250,81.6,74.8,85.3,Não,5,14573.97
EMP-0251,66.7,68.4,100.0,Sim,9,34022.25
EMP-0252,94.6,82.8,54.7,Não,10,18388.03
EMP-0253,65.7,66.4,79.9,Não,9,8469.46
EMP-0254,71.3,73.8,94.5,Não,7,19657.85
EMP-0255,85.5,73.3,91.8,Não,1,55539.54
EMP-0256,76.8,81.7,100.0,Sim,5,47024.89
EMP-0257,43.1,100.0,83.1,Sim,7,54743.59
EMP-0258,70.1,77.3,77.7,Sim,10,31704.48
EMP-0259,80.3,94.8,78.7,Sim,7,13237.04
EMP-0260,53.9,80.8,85.2,Não,10,34640.04
EMP-0261,79.0,92.0,98.2,Não,4,30069.46
EMP-0262,74.7,70.9,98.3,Não,3,49116.2
EMP-0263,84.2,83.4,81.4,Não,7,12667.88
EMP-0264,61.7,79.5,84.5,Sim,10,31723.38
EMP-0265,82.0,44.3,75.9,Sim,10,15205.91
EMP-0266,71.9,67.1,76.9,Sim,9,23734.79
EMP-0267,91.2,87.2,92.5,Sim,0,43890.28
EMP-0268,100.0,81.2,98.0,Não,7,31126.4
EMP-0269,88.5,64.7,75.0,Sim,10,26236.02
EMP-0270,75.8,82.8,84.4,Sim,7,27143.85
EMP-0271,97.9,86.2,79.6,Sim,0,30317.03
EMP-0272,77.2,74.6,90.6,Não,9,46218.01
EMP-0273,59.1,83.7,78.1,Não,2,51447.25
EMP-0274,69.5,82.1,62.7,Não,4,54536.42
EMP-0275,79.1,74.6,92.0,Não,5,46310.15
EMP-0276,79.9,68.9,79.0,Não,10,23282.09
EMP-0277,56.5,92.7,80.0,Sim,10,41486.26
EMP-0278,56.9,80.6,86.4,Não,10,29250.2
EMP-0279,65.9,58.4,85.5,Não,10,20315.68
EMP-0280,76.4,77.7,86.6,Não,9,48945.99
EMP-0281,78.0,61.2,65.7,Não,7,9754.25
EMP-0282,71.7,68.6,87.6,Sim,7,51919.9
EMP-0283,60.0,67.2,62.9,Não,3,30416.22
EMP-0284,90.8,80.7,89.7,Sim,9,38998.65
EMP-0285,57.1,79.5,93.2,Não,7,40080.6
EMP-0286,85.6,75.3,68.3,Sim,8,51595.37
EMP-0287,78.9,75.8,85.3,Sim,8,38972.68
EMP-0288,85.4,69.0,92.6,Não,3,37862.24
EMP-0289,64.7,87.6,77.5,Não,8,11132.81
EMP-0290,68.3,46.0,88.7,Sim,5,33196.72
EMP-0291,70.7,71.3,54.1,Não,10,15211.8
EMP-0292,64.3,93.5,93.0,Não,7,43894.03
EMP-0293,72.7,86.4,82.3,Sim,9,32894.61
EMP-0294,88.9,90.2,79.4,Não,9,41100.08
EMP-0295,54.4,50.6,91.8,Não,10,9912.8
EMP-0296,62.1,60.1,99.3,Não,9,12018.77
EMP-0297,60.8,86.4,86.9,Sim,10,42862.99
EMP-0298,68.9,98.8,98.1,Sim,9,11398.12
EMP-0299,68.4,61.3,66.5,Não,9,11357.69
EMP-0300,79.3,70.3,88.7,Não,4,8468.86
EMP-0301,70.4,79.8,80.7,Não,9,54593.39
EMP-0302,73.6,62.8,74.1,Sim,8,43897.69
EMP-0303,74.8,81.3,62.7,Não,9,25130.43
EMP-0304,72.9,42.9,88.1,Não,4,22360.39
EMP-0305,78.4,86.1,90.8,Sim,4,24957.13
EMP-0306,68.5,63.1,95.4,Não,8,45711.87
EMP-0307,89.8,69.6,93.8,Não,8,40179.07
EMP-0308,100.0,88.0,74.3,Sim,9,16922.5
EMP-0309,78.5,80.4,94.9,Não,6,16381.04
EMP-0310,72.7,80.1,96.0,Sim,3,12683.16
EMP-0311,77.5,86.6,79.4,Não,4,40126.92
EMP-0312,56.8,54.6,82.3,Não,8,45209.76
EMP-0313,72.2,77.5,72.7,Não,10,20822.46
EMP-0314,61.2,65.5,96.8,Não,4,8900.45
EMP-0315,76.1,86.0,66.9,Não,10,11890.78
EMP-0316,61.3,88.4,87.3,Sim,7,55148.15
EMP-0317,65.9,83.7,76.0,Não,9,22307.11
EMP-0318,47.5,99.9,70.9,Sim,5,45446.65
EMP-0319,55.9,93.7,63.3,Sim,9,38386.32
EMP-0320,74.3,78.3,79.8,Sim,10,26531.55
EMP-0321,59.6,75.0,69.4,Não,7,17923.32
EMP-0322,82.8,87.4,82.6,Sim,8,13806.05
EMP-0323,58.6,81.8,99.7,Sim,7,37914.96
EMP-0324,75.4,88.7,84.0,Sim,10,45710.89
EMP-0325,60.9,53.4,100.0,Sim,9,39326.04
EMP-0326,74.6,97.6,72.2,Não,8,33777.64
EMP-0327,51.6,75.7,69.2,Não,6,9926.39
EMP-0328,64.6,60.7,71.7,Sim,0,55178.87
EMP-0329,59.8,64.0,81.3,Não,7,46887.0
EMP-0330,80.6,49.4,100.0,Não,4,22179.02
EMP-0331,75.5,61.9,65.4,Não,10,55739.62
EMP-0332,55.2,73.3,88.2,Não,7,37273.61
EMP-0333,67.6,93.2,75.0,Não,7,36323.23
EMP-0334,60.7,85.1,79.8,Sim,10,44413.66
EMP-0335,81.4,77.8,69.4,Não,8,47524.64
EMP-0336,85.3,61.4,90.8,Não,7,39940.16
EMP-0337,52.7,65.1,81.6,Não,10,14133.72
EMP-0338,79.9,66.0,92.9,Não,10,24398.61
EMP-0339,60.1,71.7,83.8,Sim,9,53205.47
EMP-0340,67.0,70.8,62.7,Não,7,18847.79
EMP-0341,70.4,71.7,93.0,Não,10,26054.27
EMP-0342,91.8,76.1,61.9,Sim,9,28980.28
EMP-0343,58.0,72.1,63.3,Sim,8,29338.21
EMP-0344,80.0,76.6,72.8,Não,8,37813.69
EMP-0345,55.9,71.2,73.0,Não,8,53937.7
EMP-0346,55.1,55.9,96.0,Não,7,19633.02
EMP-0347,70.3,75.4,80.3,Não,4,13811.65
EMP-0348,70.3,73.6,94.5,Não,5,17522.01
EMP-0349,36.0,61.2,76.3,Sim,0,51195.26
EMP-0350,83.9,73.1,85.2,Sim,7,39419.15
EMP-0351,44.3,87.4,86.7,Sim,10,21841.3
EMP-0352,68.2,66.6,89.0,Sim,6,47728.66
EMP-0353,85.9,65.3,77.4,Sim,10,49947.12
EMP-0354,96.5,71.1,78.2,Não,10,49221.57
EMP-0355,65.6,82.5,79.0,Não,10,52758.22
EMP-0356,52.8,100.0,65.5,Sim,9,20197.05
EMP-0357,85.5,88.1,81.2,Sim,6,44754.03
EMP-0358,80.4,93.2,78.2,Sim,7,30370.41
EMP-0359,64.1,79.2,87.8,Não,7,49001.04
EMP-0360,62.6,72.0,82.9,Sim,8,43457.27
EMP-0361,61.4,88.0,95.4,Sim,7,45799.5
EMP-0362,65.9,74.0,82.7,Não,9,39924.69
EMP-0363,73.8,79.5,76.4,Não,7,16543.19
EMP-0364,63.2,68.8,82.6,Sim,8,34496.82
EMP-0365,64.7,80.6,89.2,Não,10,55969.14
EMP-0366,77.7,78.8,64.3,Sim,8,53659.91
EMP-0367,52.2,77.8,74.8,Não,10,9986.1
EMP-0368,65.5,74.0,75.1,Não,10,15927.11
EMP-0369,49.9,76.9,86.1,Sim,9,14311.18
EMP-0370,71.3,80.8,87.3,Não,10,43334.64
EMP-0371,46.7,75.3,83.0,Sim,2,47818.44
EMP-0372,80.7,61.1,57.2,Sim,1,18305.48
EMP-0373,54.2,57.7,65.5,Sim,10,32583.54
EMP-0374,48.7,77.2,79.6,Não,7,48937.76
EMP-0375,65.6,74.8,77.0,Sim,8,43667.79
EMP-0376,90.5,59.5,82.1,Sim,10,34360.57
EMP-0377,78.5,81.5,77.3,Sim,9,36710.3
EMP-0378,46.9,79.1,97.3,Sim,6,32706.02
EMP-0379,53.9,69.0,59.1,Não,7,22409.87
EMP-0380,65.3,83.2,85.0,Sim,6,35473.38
EMP-0381,96.9,96.0,90.3,Sim,10,41522.91
EMP-0382,58.7,90.4,89.0,Não,8,50530.94
EMP-0383,58.8,76.7,89.9,Não,10,38954.22
EMP-0384,88.3,74.0,91.3,Não,10,45050.95
EMP-0385,72.3,76.9,76.0,Não,7,15695.44
EMP-0386,82.6,83.9,71.0,Sim,10,30420.13
EMP-0387,61.3,71.8,61.7,Não,9,8333.24
EMP-0388,68.8,77.1,78.4,Não,10,19925.37
EMP-0389,85.8,61.3,74.2,Sim,9,43358.17
EMP-0390,68.3,76.0,93.6,Não,8,56317.86
EMP-0391,83.5,85.9,79.1,Sim,7,12721.38
EMP-0392,74.6,69.1,71.7,Não,9,27486.62
EMP-0393,57.5,73.9,70.1,Não,9,46953.27
EMP-0394,69.8,61.7,100.0,Não,9,17842.66
EMP-0395,81.8,60.0,81.8,Não,7,34988.06
EMP-0396,78.0,77.5,74.2,Não,9,43680.99
EMP-0397,69.5,71.4,83.2,Sim,8,37962.44
EMP-0398,47.3,53.7,100.0,Não,9,17060.68
EMP-0399,48.4,66.9,78.1,Sim,10,25234.6
EMP-0400,51.0,68.6,88.9,Sim,4,46158.18
EMP-0401,63.9,84.3,93.9,Não,8,34946.12
EMP-0402,65.5,82.3,63.1,Sim,9,8132.9
EMP-0403,52.3,69.7,75.6,Sim,1,45044.58
EMP-0404,82.3,67.9,92.6,Não,7,9602.12
EMP-0405,54.8,90.7,75.0,Não,2,44299.41
EMP-0406,53.6,91.4,86.1,Sim,7,17766.72
EMP-0407,71.1,66.8,74.4,Sim,8,54670.18
EMP-0408,81.7,94.2,77.5,Sim,6,25847.85
EMP-0409,94.7,74.0,76.3,Não,10,23844.95
EMP-0410,77.0,89.8,88.4,Sim,7,15149.22
EMP-0411,89.0,73.0,84.0,Não,7,22803.33
EMP-0412,55.5,94.4,83.0,Sim,9,50693.47
EMP-0413,95.9,66.3,100.0,Sim,9,56538.84
EMP-0414,47.7,71.9,99.4,Não,9,25865.87
EMP-0415,64.0,94.8,62.2,Sim,7,29787.79
EMP-0416,76.7,46.3,77.6,Não,7,43143.72
EMP-0417,50.7,79.6,100.0,Sim,7,51159.62
EMP-0418,58.9,70.3,76.3,Não,9,36842.01
EMP-0419,57.0,83.2,100.0,Não,7,26999.76
EMP-0420,66.3,93.0,77.7,Sim,5,28030.1
EMP-0421,87.1,89.0,79.7,Sim,10,41851.75
EMP-0422,70.2,83.1,90.6,Sim,7,8034.66
EMP-0423,64.4,75.5,81.1,Não,8,38138.46
EMP-0424,35.4,70.9,86.9,Não,8,25239.9
EMP-0425,75.6,77.5,97.7,Não,7,46666.4
EMP-0426,79.5,92.5,89.6,Não,2,12419.17
EMP-0427,49.6,70.2,83.4,Sim,10,36605.53
EMP-0428,69.2,75.4,98.7,Sim,3,31368.39
EMP-0429,72.3,79.3,90.8,Sim,10,39248.93
EMP-0430,81.6,92.2,74.7,Sim,10,11044.96
EMP-0431,61.3,82.9,100.0,Sim,9,36204.13
EMP-0432,59.5,86.8,88.4,Não,8,35300.61
EMP-0433,64.5,87.4,79.9,Não,10,35260.34
EMP-0434,85.4,82.1,61.8,Não,10,37352.06
EMP-0435,82.5,67.4,68.2,Sim,10,40916.44
EMP-0436,69.7,94.9,99.0,Não,4,47193.47
EMP-0437,82.2,91.9,99.4,Não,1,21055.63
EMP-0438,41.6,75.8,82.9,Não,7,48173.24
EMP-0439,79.5,63.6,64.3,Sim,7,32212.48
EMP-0440,56.6,61.5,71.1,Sim,7,11641.03
EMP-0441,91.2,83.3,65.8,Sim,10,10737.14
EMP-0442,57.2,71.8,65.4,Sim,4,24201.8
EMP-0443,59.8,54.4,100.0,Não,9,46212.15
EMP-0444,76.7,61.2,100.0,Sim,10,42440.89
EMP-0445,77.9,74.6,70.8,Sim,10,46393.75
EMP-0446,64.6,77.3,81.9,Não,7,33141.11
EMP-0447,74.5,91.9,69.2,Não,7,29376.96
EMP-0448,75.9,80.8,81.8,Não,7,15079.11
EMP-0449,74.7,70.4,98.4,Não,9,23906.56
EMP-0450,65.1,84.8,92.8,Sim,7,29075.16
EMP-0451,76.1,83.7,90.1,Sim,10,12204.77
EMP-0452,86.9,89.1,80.1,Sim,9,18652.27
EMP-0453,55.3,74.5,94.6,Não,9,37095.04
EMP-0454,59.9,87.4,88.5,Não,8,43807.57
EMP-0455,70.3,90.1,86.0,Sim,10,56637.18
EMP-0456,57.3,76.0,80.8,Não,7,53451.12
EMP-0457,48.4,78.8,85.2,Sim,8,39260.62
EMP-0458,83.1,86.0,84.9,Não,8,28451.39
EMP-0459,43.3,71.6,76.6,Sim,7,38948.64
EMP-0460,65.2,62.1,74.3,Sim,10,46249.02
EMP-0461,79.1,56.9,72.0,Não,10,13657.07
EMP-0462,73.2,65.4,72.7,Não,7,27897.41
EMP-0463,65.4,82.9,80.1,Não,7,48893.78
EMP-0464,56.8,75.1,78.5,Sim,2,26624.04
EMP-0465,74.1,82.7,75.8,Sim,3,35807.95
EMP-0466,58.1,74.3,75.1,Sim,9,36584.39
EMP-0467,73.2,69.2,84.9,Não,9,16887.37
EMP-0468,71.7,62.7,95.8,Não,7,25569.21
EMP-0469,71.8,73.9,81.9,Não,10,24215.13
EMP-0470,62.3,78.1,81.2,Sim,9,9156.94
EMP-0471,94.4,80.0,72.7,Não,3,9059.01
EMP-0472,74.3,78.5,79.8,Não,10,48497.88
EMP-0473,66.7,72.6,93.9,Não,5,21214.38
EMP-0474,73.2,62.1,92.4,Sim,8,33180.65
EMP-0475,60.7,87.8,91.7,Não,8,22467.37
EMP-0476,65.4,74.0,91.4,Não,10,53820.64
EMP-0477,98.7,76.0,86.4,Não,10,20541.64
EMP-0478,60.8,94.2,86.0,Não,7,28862.09
EMP-0479,69.1,91.1,84.4,Sim,9,50501.98
EMP-0480,64.5,80.4,77.8,Não,10,48997.85
EMP-0481,57.5,75.0,82.8,Não,10,16966.74
EMP-0482,75.1,80.1,84.2,Sim,9,47078.9
EMP-0483,70.4,83.1,88.3,Sim,10,30255.52
EMP-0484,80.9,85.1,83.0,Sim,8,31465.88
EMP-0485,79.7,95.5,100.0,Não,9,14396.7
EMP-0486,80.8,100.0,69.9,Sim,9,11814.08
EMP-0487,59.0,78.5,89.5,Não,7,43430.33
EMP-0488,77.7,54.4,81.6,Sim,6,32124.85
EMP-0489,78.0,63.6,82.0,Não,10,29213.46
EMP-0490,57.7,100.0,73.9,Sim,9,43506.96
EMP-0491,66.2,88.8,92.2,Sim,7,45265.44
EMP-0492,52.5,80.1,88.5,Não,4,15638.63
EMP-0493,78.0,73.0,90.3,Não,8,37681.12
EMP-0494,78.0,65.9,83.7,Sim,7,14488.24
EMP-0495,87.2,100.0,78.8,Sim,10,44574.93
EMP-0496,67.3,70.3,81.3,Sim,7,39963.42
EMP-0497,75.4,83.8,86.3,Não,9,54598.93
EMP-0498,81.9,59.4,61.9,Não,8,11245.42
EMP-0499,61.0,72.4,90.7,Não,8,10664.06
EMP-0500,59.1,86.9,100.0,Não,6,21659.61
