ID_Colaborador,Mes_Referencia,Horas_Contratuais,Horas_Extras,Horas_Ausentes,Episodios_Ausencia
EMP-0002,2026-09,160,0.8,4.1,0
EMP-0002,2026-08,160,10.9,2.2,0
EMP-0002,2026-07,160,5.4,5.0,0
EMP-0003,2026-09,160,38.0,12.7,4
EMP-0003,2026-08,160,32.3,5.4,1
EMP-0003,2026-07,160,26.0,3.7,0
EMP-0004,2026-09,160,10.2,7.5,1
EMP-0004,2026-08,160,8.8,2.9,1
EMP-0004,2026-07,160,5.0,9.4,0
EMP-0005,2026-09,160,14.7,14.3,1
EMP-0005,2026-08,160,25.1,6.0,1
EMP-0005,2026-07,160,0.2,9.3,1
EMP-0006,2026-09,160,21.4,18.8,2
EMP-0006,2026-08,160,7.1,21.8,3
EMP-0006,2026-07,160,25.7,10.3,3
EMP-0007,2026-09,160,11.1,9.9,0
EMP-0007,2026-08,160,27.1,13.6,2
EMP-0007,2026-07,160,5.3,16.4,4
EMP-0008,2026-09,160,7.8,5.8,2
EMP-0008,2026-08,160,4.9,1.2,2
EMP-0008,2026-07,160,6.4,4.6,1
EMP-0010,2026-09,160,0.8,12.8,4
EMP-0010,2026-08,160,34.9,3.6,1
EMP-0010,2026-07,160,4.7,6.2,0
EMP-0012,2026-09,160,6.1,3.2,1
EMP-0012,2026-08,160,5.7,4.7,2
EMP-0012,2026-07,160,0.8,0.2,0
EMP-0013,2026-09,160,20.8,13.7,3
EMP-0013,2026-08,160,20.2,14.3,1
EMP-0013,2026-07,160,2.9,8.1,0
EMP-0015,2026-09,160,23.2,4.6,1
EMP-0015,2026-08,160,3.3,18.5,4
EMP-0015,2026-07,160,41.0,5.7,2
EMP-0016,2026-09,160,27.7,5.1,1
EMP-0016,2026-08,160,5.1,19.0,2
EMP-0016,2026-07,160,4.8,6.3,0
EMP-0018,2026-09,160,6.4,9.0,2
EMP-0018,2026-08,160,10.5,1.0,1
EMP-0018,2026-07,160,6.0,4.1,0
EMP-0019,2026-09,160,4.9,5.9,1
EMP-0019,2026-08,160,1.0,2.8,1
EMP-0019,2026-07,160,8.4,6.0,0
EMP-0021,2026-09,160,6.7,3.1,1
EMP-0021,2026-08,160,5.4,6.2,2
EMP-0021,2026-07,160,6.2,0.9,0
EMP-0022,2026-09,160,1.5,0.9,1
EMP-0022,2026-08,160,41.8,12.8,3
EMP-0022,2026-07,160,18.4,5.3,2
EMP-0023,2026-09,160,11.4,14.6,4
EMP-0023,2026-08,160,48.6,4.4,2
EMP-0023,2026-07,160,37.1,8.2,0
EMP-0024,2026-09,160,4.9,8.5,2
EMP-0024,2026-08,160,5.9,4.9,0
EMP-0024,2026-07,160,7.2,0.9,2
EMP-0025,2026-09,160,7.4,2.3,1
EMP-0025,2026-08,160,1.1,2.4,1
EMP-0025,2026-07,160,3.4,7.1,2
EMP-0026,2026-09,160,4.0,3.3,1
EMP-0026,2026-08,160,23.5,0.0,2
EMP-0026,2026-07,160,10.1,2.0,0
EMP-0027,2026-09,160,33.8,6.2,1
EMP-0027,2026-08,160,19.8,13.5,4
EMP-0027,2026-07,160,9.2,6.1,0
EMP-0028,2026-09,160,0.7,0.8,0
EMP-0028,2026-08,160,1.4,2.5,1
EMP-0028,2026-07,160,4.1,4.9,1
EMP-0029,2026-09,160,1.5,5.0,1
EMP-0029,2026-08,160,8.4,2.6,0
EMP-0029,2026-07,160,2.0,4.3,0
EMP-0030,2026-09,160,17.0,9.3,1
EMP-0030,2026-08,160,43.5,8.4,2
EMP-0030,2026-07,160,10.4,2.7,0
EMP-0032,2026-09,160,7.2,0.8,1
EMP-0032,2026-08,160,34.0,5.4,2
EMP-0032,2026-07,160,27.3,2.8,1
EMP-0036,2026-09,160,12.3,2.6,1
EMP-0036,2026-08,160,41.7,8.1,2
EMP-0036,2026-07,160,31.9,15.8,3
EMP-0037,2026-09,160,6.8,0.4,2
EMP-0037,2026-08,160,4.9,1.8,1
EMP-0037,2026-07,160,3.5,3.7,2
EMP-0038,2026-09,160,18.0,10.5,2
EMP-0038,2026-08,160,28.4,7.2,0
EMP-0038,2026-07,160,26.1,4.7,1
EMP-0040,2026-09,160,12.6,2.3,2
EMP-0040,2026-08,160,12.0,0.4,2
EMP-0040,2026-07,160,4.1,3.0,0
EMP-0041,2026-09,160,24.2,13.2,2
EMP-0041,2026-08,160,1.3,1.4,0
EMP-0041,2026-07,160,1.0,15.9,4
EMP-0042,2026-09,160,7.5,0.7,2
EMP-0042,2026-08,160,3.8,7.5,1
EMP-0042,2026-07,160,4.6,3.0,0
EMP-0043,2026-09,160,8.3,1.9,1
EMP-0043,2026-08,160,37.7,18.0,1
EMP-0043,2026-07,160,5.2,16.4,4
EMP-0044,2026-09,160,3.6,5.6,0
EMP-0044,2026-08,160,13.1,3.6,2
EMP-0044,2026-07,160,4.4,6.4,1
EMP-0045,2026-09,160,3.4,14.9,1
EMP-0045,2026-08,160,22.1,4.5,2
EMP-0045,2026-07,160,10.9,0.3,1
EMP-0046,2026-09,160,12.0,6.4,1
EMP-0046,2026-08,160,4.1,7.7,2
EMP-0046,2026-07,160,27.1,6.7,2
EMP-0049,2026-09,160,9.3,1.6,1
EMP-0049,2026-08,160,11.0,4.4,0
EMP-0049,2026-07,160,13.7,11.2,4
EMP-0051,2026-09,160,3.6,2.7,1
EMP-0051,2026-08,160,4.8,5.8,0
EMP-0051,2026-07,160,12.6,2.0,1
EMP-0052,2026-09,160,25.7,7.2,2
EMP-0052,2026-08,160,29.3,17.1,2
EMP-0052,2026-07,160,16.4,2.0,1
EMP-0053,2026-09,160,9.7,1.5,0
EMP-0053,2026-08,160,5.3,6.4,1
EMP-0053,2026-07,160,7.5,3.7,0
EMP-0054,2026-09,160,3.1,4.7,0
EMP-0054,2026-08,160,9.5,3.2,2
EMP-0054,2026-07,160,13.6,5.2,0
EMP-0055,2026-09,160,3.3,7.2,1
EMP-0055,2026-08,160,11.8,3.3,1
EMP-0055,2026-07,160,12.0,2.3,2
EMP-0056,2026-09,160,6.8,5.7,1
EMP-0056,2026-08,160,9.9,5.9,2
EMP-0056,2026-07,160,4.3,7.3,0
EMP-0057,2026-09,160,18.1,4.6,1
EMP-0057,2026-08,160,11.7,19.6,3
EMP-0057,2026-07,160,8.9,15.7,4
EMP-0058,2026-09,160,3.0,10.9,3
EMP-0058,2026-08,160,24.5,17.7,2
EMP-0058,2026-07,160,10.2,2.4,2
EMP-0059,2026-09,160,18.3,18.0,2
EMP-0059,2026-08,160,6.7,7.5,2
EMP-0059,2026-07,160,20.9,13.7,1
EMP-0060,2026-09,160,0.9,6.5,1
EMP-0060,2026-08,160,0.8,3.6,2
EMP-0060,2026-07,160,9.8,0.4,0
EMP-0061,2026-09,160,6.9,7.6,2
EMP-0061,2026-08,160,8.4,1.8,0
EMP-0061,2026-07,160,13.6,6.0,2
EMP-0062,2026-09,160,7.9,13.2,3
EMP-0062,2026-08,160,11.4,9.2,0
EMP-0062,2026-07,160,35.1,4.7,1
EMP-0063,2026-09,160,4.7,17.0,4
EMP-0063,2026-08,160,37.5,7.5,2
EMP-0063,2026-07,160,32.8,5.8,0
EMP-0064,2026-09,160,6.5,3.6,1
EMP-0064,2026-08,160,4.4,5.1,1
EMP-0064,2026-07,160,0.0,3.2,0
EMP-0065,2026-09,160,24.7,19.0,2
EMP-0065,2026-08,160,2.5,11.1,3
EMP-0065,2026-07,160,29.5,3.3,0
EMP-0066,2026-09,160,8.1,6.6,0
EMP-0066,2026-08,160,8.9,3.7,2
EMP-0066,2026-07,160,7.7,4.5,2
EMP-0069,2026-09,160,5.3,9.2,1
EMP-0069,2026-08,160,14.5,3.8,0
EMP-0069,2026-07,160,57.3,15.5,3
EMP-0070,2026-09,160,0.2,5.0,1
EMP-0070,2026-08,160,13.3,0.5,0
EMP-0070,2026-07,160,6.4,4.4,1
EMP-0071,2026-09,160,0.9,10.3,4
EMP-0071,2026-08,160,36.7,17.0,2
EMP-0071,2026-07,160,16.3,23.0,4
EMP-0075,2026-09,160,10.9,10.1,3
EMP-0075,2026-08,160,1.2,8.5,0
EMP-0075,2026-07,160,12.2,11.0,3
EMP-0076,2026-09,160,18.1,3.0,1
EMP-0076,2026-08,160,8.6,19.6,3
EMP-0076,2026-07,160,26.7,2.2,0
EMP-0077,2026-09,160,28.3,6.8,2
EMP-0077,2026-08,160,20.1,12.9,4
EMP-0077,2026-07,160,37.7,2.8,1
EMP-0078,2026-09,160,19.6,4.7,0
EMP-0078,2026-08,160,29.0,6.6,2
EMP-0078,2026-07,160,20.4,6.4,0
EMP-0080,2026-09,160,18.4,18.2,3
EMP-0080,2026-08,160,55.9,10.3,1
EMP-0080,2026-07,160,18.5,1.6,0
EMP-0081,2026-09,160,2.2,3.6,0
EMP-0081,2026-08,160,2.4,2.2,1
EMP-0081,2026-07,160,13.9,4.1,2
EMP-0083,2026-09,160,6.6,2.0,1
EMP-0083,2026-08,160,11.9,3.4,1
EMP-0083,2026-07,160,3.4,0.7,0
EMP-0084,2026-09,160,19.1,4.7,1
EMP-0084,2026-08,160,45.3,19.1,4
EMP-0084,2026-07,160,1.5,1.3,2
EMP-0085,2026-09,160,4.6,1.6,0
EMP-0085,2026-08,160,7.1,3.0,2
EMP-0085,2026-07,160,7.4,7.0,1
EMP-0086,2026-09,160,0.7,7.0,2
EMP-0086,2026-08,160,2.4,10.4,3
EMP-0086,2026-07,160,14.1,3.7,1
EMP-0087,2026-09,160,5.5,1.1,0
EMP-0087,2026-08,160,33.1,7.8,1
EMP-0087,2026-07,160,33.9,21.2,1
EMP-0089,2026-09,160,2.1,0.3,2
EMP-0089,2026-08,160,7.0,7.4,1
EMP-0089,2026-07,160,1.3,4.1,1
EMP-0091,2026-09,160,40.6,1.8,2
EMP-0091,2026-08,160,23.5,4.8,2
EMP-0091,2026-07,160,21.9,12.3,1
EMP-0092,2026-09,160,23.3,1.9,2
EMP-0092,2026-08,160,12.5,16.6,1
EMP-0092,2026-07,160,24.9,13.0,2
EMP-0093,2026-09,160,23.8,12.9,4
EMP-0093,2026-08,160,14.1,3.4,0
EMP-0093,2026-07,160,31.5,14.8,1
EMP-0094,2026-09,160,1.4,2.3,0
EMP-0094,2026-08,160,5.2,8.9,0
EMP-0094,2026-07,160,8.8,0.0,0
EMP-0099,2026-09,160,18.6,6.5,2
EMP-0099,2026-08,160,2.4,7.4,0
EMP-0099,2026-07,160,15.6,5.8,2
EMP-0100,2026-09,160,13.9,16.8,2
EMP-0100,2026-08,160,14.5,8.3,0
EMP-0100,2026-07,160,19.1,5.0,1
EMP-0102,2026-09,160,6.4,4.2,1
EMP-0102,2026-08,160,6.4,1.4,1
EMP-0102,2026-07,160,5.0,6.3,0
EMP-0103,2026-09,160,5.1,4.5,1
EMP-0103,2026-08,160,6.8,5.3,1
EMP-0103,2026-07,160,8.8,3.5,0
EMP-0104,2026-09,160,1.4,0.3,1
EMP-0104,2026-08,160,11.1,6.3,1
EMP-0104,2026-07,160,9.2,6.4,2
EMP-0105,2026-09,160,5.2,2.1,0
EMP-0105,2026-08,160,1.1,0.7,2
EMP-0105,2026-07,160,12.1,2.5,1
EMP-0107,2026-09,160,11.3,3.4,2
EMP-0107,2026-08,160,2.6,0.7,1
EMP-0107,2026-07,160,3.1,8.3,2
EMP-0108,2026-09,160,3.7,20.7,2
EMP-0108,2026-08,160,7.4,12.5,1
EMP-0108,2026-07,160,17.8,6.1,0
EMP-0109,2026-09,160,0.9,7.4,1
EMP-0109,2026-08,160,2.6,2.1,0
EMP-0109,2026-07,160,21.8,4.2,0
EMP-0111,2026-09,160,45.3,14.0,3
EMP-0111,2026-08,160,45.5,3.9,0
EMP-0111,2026-07,160,22.0,7.7,0
EMP-0114,2026-09,160,15.8,8.6,0
EMP-0114,2026-08,160,22.3,7.7,2
EMP-0114,2026-07,160,21.0,8.3,2
EMP-0115,2026-09,160,7.3,5.5,2
EMP-0115,2026-08,160,12.7,5.1,0
EMP-0115,2026-07,160,5.3,7.3,0
EMP-0116,2026-09,160,5.8,2.5,2
EMP-0116,2026-08,160,2.2,3.9,2
EMP-0116,2026-07,160,5.0,8.0,0
EMP-0118,2026-09,160,16.3,9.9,1
EMP-0118,2026-08,160,23.3,15.6,1
EMP-0118,2026-07,160,7.9,8.7,0
EMP-0121,2026-09,160,37.2,7.4,0
EMP-0121,2026-08,160,5.7,4.4,0
EMP-0121,2026-07,160,14.1,3.7,0
EMP-0122,2026-09,160,5.2,8.5,0
EMP-0122,2026-08,160,3.0,2.5,2
EMP-0122,2026-07,160,8.3,3.5,1
EMP-0123,2026-09,160,0.6,3.8,1
EMP-0123,2026-08,160,5.5,6.9,1
EMP-0123,2026-07,160,1.1,6.9,2
EMP-0124,2026-09,160,18.5,1.4,2
EMP-0124,2026-08,160,0.4,19.6,4
EMP-0124,2026-07,160,17.6,13.6,1
EMP-0125,2026-09,160,5.6,23.8,3
EMP-0125,2026-08,160,33.4,6.5,1
EMP-0125,2026-07,160,15.4,12.4,1
EMP-0126,2026-09,160,9.4,4.5,2
EMP-0126,2026-08,160,6.1,5.7,2
EMP-0126,2026-07,160,2.7,2.9,2
EMP-0128,2026-09,160,2.2,5.8,1
EMP-0128,2026-08,160,2.6,0.7,2
EMP-0128,2026-07,160,2.0,4.4,0
EMP-0129,2026-09,160,16.9,1.0,0
EMP-0129,2026-08,160,5.6,8.4,0
EMP-0129,2026-07,160,11.3,6.5,2
EMP-0131,2026-09,160,5.2,5.3,0
EMP-0131,2026-08,160,10.2,4.4,0
EMP-0131,2026-07,160,4.4,4.1,0
EMP-0132,2026-09,160,14.9,1.9,2
EMP-0132,2026-08,160,36.4,13.4,4
EMP-0132,2026-07,160,49.8,21.7,1
EMP-0135,2026-09,160,0.1,3.0,1
EMP-0135,2026-08,160,18.6,3.9,2
EMP-0135,2026-07,160,7.2,0.6,0
EMP-0137,2026-09,160,6.8,9.8,2
EMP-0137,2026-08,160,12.4,2.2,1
EMP-0137,2026-07,160,4.0,0.6,2
EMP-0138,2026-09,160,7.2,3.5,0
EMP-0138,2026-08,160,18.7,17.1,4
EMP-0138,2026-07,160,25.3,16.2,2
EMP-0139,2026-09,160,11.4,2.4,0
EMP-0139,2026-08,160,2.2,1.8,2
EMP-0139,2026-07,160,2.6,4.1,0
EMP-0140,2026-09,160,8.5,5.8,2
EMP-0140,2026-08,160,6.4,5.4,2
EMP-0140,2026-07,160,11.3,4.6,2
EMP-0141,2026-09,160,14.2,5.9,1
EMP-0141,2026-08,160,2.2,3.3,1
EMP-0141,2026-07,160,5.3,1.3,2
EMP-0142,2026-09,160,14.3,11.3,3
EMP-0142,2026-08,160,8.7,0.5,2
EMP-0142,2026-07,160,8.3,4.4,1
EMP-0143,2026-09,160,15.8,4.8,0
EMP-0143,2026-08,160,10.7,1.3,0
EMP-0143,2026-07,160,1.9,0.3,2
EMP-0144,2026-09,160,5.5,2.0,1
EMP-0144,2026-08,160,1.0,2.2,1
EMP-0144,2026-07,160,0.6,2.4,0
EMP-0146,2026-09,160,24.3,8.3,1
EMP-0146,2026-08,160,31.7,1.3,1
EMP-0146,2026-07,160,31.4,17.2,4
EMP-0147,2026-09,160,7.3,2.2,0
EMP-0147,2026-08,160,6.7,2.0,2
EMP-0147,2026-07,160,1.9,6.0,1
EMP-0148,2026-09,160,5.3,7.6,1
EMP-0148,2026-08,160,3.8,3.0,0
EMP-0148,2026-07,160,3.2,0.6,1
EMP-0149,2026-09,160,32.2,21.1,4
EMP-0149,2026-08,160,14.3,3.9,0
EMP-0149,2026-07,160,8.8,3.9,0
EMP-0150,2026-09,160,44.7,3.7,0
EMP-0150,2026-08,160,11.2,0.6,0
EMP-0150,2026-07,160,24.4,7.6,1
EMP-0151,2026-09,160,0.3,1.3,0
EMP-0151,2026-08,160,13.7,4.1,2
EMP-0151,2026-07,160,6.5,4.3,0
EMP-0152,2026-09,160,40.9,1.7,0
EMP-0152,2026-08,160,14.1,7.0,2
EMP-0152,2026-07,160,5.8,2.5,2
EMP-0153,2026-09,160,35.7,12.6,3
EMP-0153,2026-08,160,34.1,4.5,2
EMP-0153,2026-07,160,13.0,2.7,2
EMP-0154,2026-09,160,10.7,7.3,0
EMP-0154,2026-08,160,11.4,8.8,2
EMP-0154,2026-07,160,8.1,8.7,1
EMP-0155,2026-09,160,5.0,1.3,1
EMP-0155,2026-08,160,10.3,1.4,1
EMP-0155,2026-07,160,6.9,6.9,0
EMP-0156,2026-09,160,24.9,21.7,2
EMP-0156,2026-08,160,9.5,7.5,2
EMP-0156,2026-07,160,20.3,0.1,1
EMP-0158,2026-09,160,2.7,2.9,0
EMP-0158,2026-08,160,3.5,7.4,2
EMP-0158,2026-07,160,11.0,9.9,0
EMP-0159,2026-09,160,29.7,11.5,3
EMP-0159,2026-08,160,13.8,9.7,0
EMP-0159,2026-07,160,35.5,10.7,2
EMP-0161,2026-09,160,15.3,6.9,0
EMP-0161,2026-08,160,14.6,3.5,1
EMP-0161,2026-07,160,6.5,3.0,0
EMP-0163,2026-09,160,5.4,1.6,1
EMP-0163,2026-08,160,8.0,1.4,2
EMP-0163,2026-07,160,8.0,1.7,1
EMP-0164,2026-09,160,3.5,5.3,2
EMP-0164,2026-08,160,6.4,7.2,1
EMP-0164,2026-07,160,1.2,3.8,1
EMP-0166,2026-09,160,33.3,10.2,4
EMP-0166,2026-08,160,26.4,14.6,2
EMP-0166,2026-07,160,13.9,4.3,1
EMP-0167,2026-09,160,8.9,3.6,1
EMP-0167,2026-08,160,11.6,5.1,2
EMP-0167,2026-07,160,2.9,5.0,2
EMP-0168,2026-09,160,6.5,13.7,3
EMP-0168,2026-08,160,1.0,15.3,2
EMP-0168,2026-07,160,24.8,7.0,0
EMP-0170,2026-09,160,9.8,5.5,2
EMP-0170,2026-08,160,12.7,8.0,0
EMP-0170,2026-07,160,7.8,1.4,0
EMP-0171,2026-09,160,11.9,7.6,0
EMP-0171,2026-08,160,36.2,5.3,2
EMP-0171,2026-07,160,14.4,19.1,1
EMP-0172,2026-09,160,18.4,4.2,0
EMP-0172,2026-08,160,31.6,7.7,1
EMP-0172,2026-07,160,0.8,14.2,1
EMP-0173,2026-09,160,2.3,4.1,1
EMP-0173,2026-08,160,5.7,4.7,1
EMP-0173,2026-07,160,5.0,3.0,1
EMP-0175,2026-09,160,11.6,7.8,2
EMP-0175,2026-08,160,1.0,6.8,2
EMP-0175,2026-07,160,2.2,2.9,0
EMP-0176,2026-09,160,15.2,8.7,0
EMP-0176,2026-08,160,35.0,9.6,0
EMP-0176,2026-07,160,18.1,13.8,3
EMP-0177,2026-09,160,8.0,7.5,0
EMP-0177,2026-08,160,34.9,11.2,2
EMP-0177,2026-07,160,13.0,1.1,1
EMP-0179,2026-09,160,7.6,0.7,2
EMP-0179,2026-08,160,4.9,7.5,1
EMP-0179,2026-07,160,9.0,2.1,0
EMP-0180,2026-09,160,23.0,6.1,1
EMP-0180,2026-08,160,0.9,10.0,4
EMP-0180,2026-07,160,12.6,5.1,2
EMP-0181,2026-09,160,6.6,2.1,0
EMP-0181,2026-08,160,6.5,2.2,1
EMP-0181,2026-07,160,3.3,7.0,0
EMP-0182,2026-09,160,36.4,2.3,0
EMP-0182,2026-08,160,31.2,16.4,3
EMP-0182,2026-07,160,43.4,11.1,2
EMP-0183,2026-09,160,0.7,5.9,1
EMP-0183,2026-08,160,1.7,3.0,1
EMP-0183,2026-07,160,7.9,1.6,0
EMP-0184,2026-09,160,0.3,5.4,0
EMP-0184,2026-08,160,15.3,7.7,2
EMP-0184,2026-07,160,9.5,6.9,2
EMP-0186,2026-09,160,29.6,10.7,1
EMP-0186,2026-08,160,33.5,0.2,1
EMP-0186,2026-07,160,23.0,7.5,0
EMP-0187,2026-09,160,21.2,5.2,0
EMP-0187,2026-08,160,27.8,3.1,0
EMP-0187,2026-07,160,12.0,4.1,0
EMP-0189,2026-09,160,10.3,4.0,2
EMP-0189,2026-08,160,3.7,2.9,0
EMP-0189,2026-07,160,6.0,8.9,1
EMP-0190,2026-09,160,1.5,12.1,3
EMP-0190,2026-08,160,27.1,2.7,1
EMP-0190,2026-07,160,42.0,11.2,1
EMP-0192,2026-09,160,3.5,1.6,2
EMP-0192,2026-08,160,7.1,3.9,2
EMP-0192,2026-07,160,0.8,0.9,1
EMP-0193,2026-09,160,10.3,1.9,0
EMP-0193,2026-08,160,7.6,3.4,2
EMP-0193,2026-07,160,8.5,3.1,2
EMP-0194,2026-09,160,7.5,1.8,0
EMP-0194,2026-08,160,5.8,5.5,0
EMP-0194,2026-07,160,6.8,5.1,0
EMP-0196,2026-09,160,1.4,2.2,1
EMP-0196,2026-08,160,3.1,3.2,2
EMP-0196,2026-07,160,12.8,2.9,1
EMP-0197,2026-09,160,2.8,11.2,1
EMP-0197,2026-08,160,40.2,0.4,0
EMP-0197,2026-07,160,49.6,10.5,4
EMP-0198,2026-09,160,11.2,8.4,1
EMP-0198,2026-08,160,10.9,3.7,1
EMP-0198,2026-07,160,12.1,4.8,1
EMP-0199,2026-09,160,11.5,7.6,0
EMP-0199,2026-08,160,0.5,6.4,0
EMP-0199,2026-07,160,5.1,4.4,2
EMP-0201,2026-09,160,6.6,4.3,0
EMP-0201,2026-08,160,13.6,0.1,2
EMP-0201,2026-07,160,2.6,1.8,0
EMP-0204,2026-09,160,11.3,1.7,1
EMP-0204,2026-08,160,6.7,3.7,2
EMP-0204,2026-07,160,1.6,6.6,1
EMP-0205,2026-09,160,5.4,3.3,2
EMP-0205,2026-08,160,7.2,6.2,1
EMP-0205,2026-07,160,1.2,6.6,0
EMP-0206,2026-09,160,41.7,0.6,1
EMP-0206,2026-08,160,24.2,6.2,0
EMP-0206,2026-07,160,30.5,0.7,2
EMP-0207,2026-09,160,44.4,1.6,1
EMP-0207,2026-08,160,16.3,10.6,2
EMP-0207,2026-07,160,9.7,2.9,0
EMP-0208,2026-09,160,23.3,8.5,2
EMP-0208,2026-08,160,20.1,13.2,4
EMP-0208,2026-07,160,14.1,9.9,0
EMP-0210,2026-09,160,12.4,2.9,2
EMP-0210,2026-08,160,15.7,5.0,0
EMP-0210,2026-07,160,13.3,15.0,4
EMP-0211,2026-09,160,4.7,2.0,2
EMP-0211,2026-08,160,6.1,4.3,2
EMP-0211,2026-07,160,0.1,3.1,1
EMP-0212,2026-09,160,14.9,7.0,0
EMP-0212,2026-08,160,30.9,8.8,2
EMP-0212,2026-07,160,38.4,7.9,2
EMP-0214,2026-09,160,46.6,5.2,0
EMP-0214,2026-08,160,8.5,11.3,3
EMP-0214,2026-07,160,40.5,0.3,1
EMP-0215,2026-09,160,17.0,4.3,0
EMP-0215,2026-08,160,22.1,8.1,2
EMP-0215,2026-07,160,40.2,7.3,1
EMP-0218,2026-09,160,40.6,6.1,1
EMP-0218,2026-08,160,33.9,9.4,1
EMP-0218,2026-07,160,45.9,0.9,2
EMP-0219,2026-09,160,0.2,9.5,0
EMP-0219,2026-08,160,2.3,2.0,1
EMP-0219,2026-07,160,1.6,7.4,2
EMP-0221,2026-09,160,1.2,8.1,1
EMP-0221,2026-08,160,16.0,14.2,2
EMP-0221,2026-07,160,11.5,10.5,3
EMP-0223,2026-09,160,2.4,21.6,3
EMP-0223,2026-08,160,16.4,8.1,1
EMP-0223,2026-07,160,44.8,4.5,0
EMP-0224,2026-09,160,14.3,2.8,2
EMP-0224,2026-08,160,9.4,2.3,1
EMP-0224,2026-07,160,0.8,5.2,1
EMP-0225,2026-09,160,29.6,0.1,1
EMP-0225,2026-08,160,15.4,15.2,3
EMP-0225,2026-07,160,29.0,5.6,1
EMP-0226,2026-09,160,11.0,19.7,2
EMP-0226,2026-08,160,1.7,7.6,2
EMP-0226,2026-07,160,2.0,15.9,4
EMP-0227,2026-09,160,6.0,4.5,2
EMP-0227,2026-08,160,19.8,2.2,2
EMP-0227,2026-07,160,14.7,2.8,1
EMP-0229,2026-09,160,4.8,11.9,3
EMP-0229,2026-08,160,5.2,0.1,1
EMP-0229,2026-07,160,7.4,3.5,0
EMP-0230,2026-09,160,7.8,3.6,2
EMP-0230,2026-08,160,17.1,5.7,1
EMP-0230,2026-07,160,0.6,4.4,0
EMP-0231,2026-09,160,8.0,6.5,1
EMP-0231,2026-08,160,6.3,20.6,3
EMP-0231,2026-07,160,9.6,12.1,4
EMP-0235,2026-09,160,15.1,1.0,1
EMP-0235,2026-08,160,23.0,10.4,2
EMP-0235,2026-07,160,28.4,7.7,0
EMP-0236,2026-09,160,1.5,13.7,3
EMP-0236,2026-08,160,6.1,9.2,2
EMP-0236,2026-07,160,1.1,12.4,2
EMP-0237,2026-09,160,34.0,12.4,3
EMP-0237,2026-08,160,35.5,17.4,2
EMP-0237,2026-07,160,2.4,3.3,2
EMP-0238,2026-09,160,33.5,14.8,2
EMP-0238,2026-08,160,9.9,3.5,0
EMP-0238,2026-07,160,10.2,1.6,2
EMP-0239,2026-09,160,0.4,0.3,1
EMP-0239,2026-08,160,4.5,4.8,0
EMP-0239,2026-07,160,8.2,2.5,1
EMP-0241,2026-09,160,3.6,4.4,0
EMP-0241,2026-08,160,1.5,6.9,2
EMP-0241,2026-07,160,12.4,2.1,2
EMP-0242,2026-09,160,4.0,7.7,0
EMP-0242,2026-08,160,5.4,5.8,2
EMP-0242,2026-07,160,5.5,8.7,0
EMP-0243,2026-09,160,8.5,5.6,2
EMP-0243,2026-08,160,8.8,2.3,0
EMP-0243,2026-07,160,3.7,6.3,1
EMP-0244,2026-09,160,6.6,0.5,2
EMP-0244,2026-08,160,15.4,6.9,2
EMP-0244,2026-07,160,6.2,3.2,0
EMP-0245,2026-09,160,23.0,11.1,2
EMP-0245,2026-08,160,10.5,20.7,3
EMP-0245,2026-07,160,8.2,8.0,1
EMP-0246,2026-09,160,6.2,10.0,0
EMP-0246,2026-08,160,5.6,8.8,1
EMP-0246,2026-07,160,8.0,1.1,2
EMP-0249,2026-09,160,6.7,3.6,1
EMP-0249,2026-08,160,0.6,5.1,2
EMP-0249,2026-07,160,6.1,5.7,1
EMP-0250,2026-09,160,7.0,2.0,2
EMP-0250,2026-08,160,9.8,2.1,2
EMP-0250,2026-07,160,9.5,4.4,1
EMP-0251,2026-09,160,11.7,10.3,2
EMP-0251,2026-08,160,50.0,20.2,3
EMP-0251,2026-07,160,17.5,3.0,2
EMP-0252,2026-09,160,8.9,2.9,1
EMP-0252,2026-08,160,8.0,2.0,2
EMP-0252,2026-07,160,7.3,1.6,0
EMP-0255,2026-09,160,37.8,4.5,0
EMP-0255,2026-08,160,29.9,0.4,2
EMP-0255,2026-07,160,31.7,2.2,2
EMP-0256,2026-09,160,7.3,7.1,1
EMP-0256,2026-08,160,5.0,0.9,0
EMP-0256,2026-07,160,8.5,1.5,2
EMP-0258,2026-09,160,13.9,9.6,0
EMP-0258,2026-08,160,40.4,8.2,2
EMP-0258,2026-07,160,20.3,12.4,1
EMP-0260,2026-09,160,20.8,11.8,1
EMP-0260,2026-08,160,36.2,6.0,1
EMP-0260,2026-07,160,29.1,3.1,0
EMP-0262,2026-09,160,12.0,3.9,0
EMP-0262,2026-08,160,4.3,7.5,2
EMP-0262,2026-07,160,5.5,2.3,1
EMP-0263,2026-09,160,2.6,10.5,2
EMP-0263,2026-08,160,19.0,16.7,4
EMP-0263,2026-07,160,9.0,6.1,1
EMP-0264,2026-09,160,1.6,2.4,0
EMP-0264,2026-08,160,3.5,2.8,2
EMP-0264,2026-07,160,5.7,3.6,2
EMP-0267,2026-09,160,52.2,19.0,1
EMP-0267,2026-08,160,8.7,4.3,0
EMP-0267,2026-07,160,18.5,10.3,1
EMP-0268,2026-09,160,7.1,3.1,0
EMP-0268,2026-08,160,43.7,6.5,0
EMP-0268,2026-07,160,29.9,2.4,1
EMP-0269,2026-09,160,5.7,3.0,0
EMP-0269,2026-08,160,2.6,7.5,0
EMP-0269,2026-07,160,0.9,4.9,0
EMP-0270,2026-09,160,14.7,10.5,1
EMP-0270,2026-08,160,14.9,13.2,1
EMP-0270,2026-07,160,5.9,14.9,3
EMP-0271,2026-09,160,19.6,0.0,1
EMP-0271,2026-08,160,30.2,6.8,0
EMP-0271,2026-07,160,5.6,10.0,1
EMP-0272,2026-09,160,35.1,15.7,3
EMP-0272,2026-08,160,14.3,8.9,2
EMP-0272,2026-07,160,20.8,16.9,4
EMP-0273,2026-09,160,1.9,2.6,0
EMP-0273,2026-08,160,1.8,0.3,2
EMP-0273,2026-07,160,7.2,8.8,2
EMP-0275,2026-09,160,5.0,1.4,1
EMP-0275,2026-08,160,6.9,5.8,1
EMP-0275,2026-07,160,5.2,8.2,1
EMP-0278,2026-09,160,1.9,3.1,1
EMP-0278,2026-08,160,7.5,5.2,0
EMP-0278,2026-07,160,6.2,0.2,1
EMP-0280,2026-09,160,55.1,6.6,1
EMP-0280,2026-08,160,21.7,11.7,4
EMP-0280,2026-07,160,10.5,8.3,2
EMP-0281,2026-09,160,2.6,5.2,2
EMP-0281,2026-08,160,4.6,4.8,2
EMP-0281,2026-07,160,0.8,1.5,0
EMP-0282,2026-09,160,0.8,1.9,2
EMP-0282,2026-08,160,6.9,3.1,1
EMP-0282,2026-07,160,3.3,4.5,0
EMP-0283,2026-09,160,6.2,7.8,1
EMP-0283,2026-08,160,19.0,7.4,1
EMP-0283,2026-07,160,3.7,2.5,1
EMP-0285,2026-09,160,10.3,1.1,0
EMP-0285,2026-08,160,4.4,3.3,1
EMP-0285,2026-07,160,8.9,5.8,2
EMP-0286,2026-09,160,8.8,5.5,1
EMP-0286,2026-08,160,26.7,3.2,1
EMP-0286,2026-07,160,38.1,11.7,1
EMP-0288,2026-09,160,6.9,5.2,1
EMP-0288,2026-08,160,3.7,2.1,2
EMP-0288,2026-07,160,3.9,5.5,2
EMP-0291,2026-09,160,23.0,5.5,2
EMP-0291,2026-08,160,31.2,7.0,1
EMP-0291,2026-07,160,9.6,9.5,2
EMP-0293,2026-09,160,4.8,2.1,1
EMP-0293,2026-08,160,19.9,4.1,0
EMP-0293,2026-07,160,16.2,2.2,1
EMP-0294,2026-09,160,12.0,2.0,0
EMP-0294,2026-08,160,3.8,5.1,1
EMP-0294,2026-07,160,0.9,0.4,0
EMP-0295,2026-09,160,25.7,5.3,1
EMP-0295,2026-08,160,6.5,11.6,3
EMP-0295,2026-07,160,7.8,6.4,2
EMP-0299,2026-09,160,1.5,4.9,0
EMP-0299,2026-08,160,12.7,1.6,0
EMP-0299,2026-07,160,6.6,6.6,0
EMP-0300,2026-09,160,13.7,1.2,2
EMP-0300,2026-08,160,26.3,14.0,1
EMP-0300,2026-07,160,33.4,10.2,4
EMP-0302,2026-09,160,6.5,1.3,1
EMP-0302,2026-08,160,10.3,6.4,2
EMP-0302,2026-07,160,0.3,5.1,1
EMP-0304,2026-09,160,9.3,6.6,0
EMP-0304,2026-08,160,5.6,1.4,2
EMP-0304,2026-07,160,3.5,1.0,1
EMP-0305,2026-09,160,19.2,6.5,0
EMP-0305,2026-08,160,52.2,13.4,3
EMP-0305,2026-07,160,34.5,10.8,3
EMP-0306,2026-09,160,4.2,3.2,2
EMP-0306,2026-08,160,5.1,4.6,2
EMP-0306,2026-07,160,7.9,4.0,1
EMP-0307,2026-09,160,4.5,2.2,0
EMP-0307,2026-08,160,1.0,7.9,2
EMP-0307,2026-07,160,17.0,7.6,1
EMP-0308,2026-09,160,0.3,6.4,0
EMP-0308,2026-08,160,11.1,2.8,0
EMP-0308,2026-07,160,8.4,2.6,2
EMP-0309,2026-09,160,42.9,10.2,2
EMP-0309,2026-08,160,6.2,12.0,1
EMP-0309,2026-07,160,35.9,9.2,2
EMP-0310,2026-09,160,27.2,7.6,1
EMP-0310,2026-08,160,3.0,7.1,0
EMP-0310,2026-07,160,27.8,7.2,2
EMP-0312,2026-09,160,32.0,5.6,0
EMP-0312,2026-08,160,15.1,13.0,4
EMP-0312,2026-07,160,23.3,5.5,1
EMP-0313,2026-09,160,35.5,3.9,2
EMP-0313,2026-08,160,9.1,9.0,2
EMP-0313,2026-07,160,11.7,15.9,4
EMP-0314,2026-09,160,4.4,1.1,2
EMP-0314,2026-08,160,8.2,2.7,2
EMP-0314,2026-07,160,3.4,7.4,2
EMP-0315,2026-09,160,50.6,9.7,0
EMP-0315,2026-08,160,6.1,2.2,1
EMP-0315,2026-07,160,22.2,9.7,2
EMP-0316,2026-09,160,47.9,13.8,1
EMP-0316,2026-08,160,21.3,6.0,2
EMP-0316,2026-07,160,65.2,11.8,4
EMP-0317,2026-09,160,2.7,3.3,0
EMP-0317,2026-08,160,1.6,3.2,1
EMP-0317,2026-07,160,7.6,9.3,1
EMP-0318,2026-09,160,4.5,8.3,0
EMP-0318,2026-08,160,9.4,11.1,1
EMP-0318,2026-07,160,17.4,0.2,1
EMP-0323,2026-09,160,5.3,3.0,2
EMP-0323,2026-08,160,40.2,15.8,3
EMP-0323,2026-07,160,15.3,15.4,4
EMP-0325,2026-09,160,5.1,3.0,0
EMP-0325,2026-08,160,6.3,4.9,2
EMP-0325,2026-07,160,3.2,4.1,0
EMP-0326,2026-09,160,31.8,8.8,0
EMP-0326,2026-08,160,20.6,11.0,2
EMP-0326,2026-07,160,30.0,7.6,1
EMP-0328,2026-09,160,3.6,4.6,1
EMP-0328,2026-08,160,2.0,3.4,0
EMP-0328,2026-07,160,6.4,1.0,0
EMP-0329,2026-09,160,3.1,7.1,1
EMP-0329,2026-08,160,6.1,0.2,2
EMP-0329,2026-07,160,8.5,7.0,2
EMP-0330,2026-09,160,27.6,6.9,0
EMP-0330,2026-08,160,23.5,13.4,4
EMP-0330,2026-07,160,13.0,8.2,0
EMP-0331,2026-09,160,4.7,0.8,1
EMP-0331,2026-08,160,10.6,10.2,2
EMP-0331,2026-07,160,1.6,6.9,0
EMP-0332,2026-09,160,7.4,8.8,1
EMP-0332,2026-08,160,42.6,4.9,2
EMP-0332,2026-07,160,19.8,2.8,2
EMP-0334,2026-09,160,10.0,3.4,1
EMP-0334,2026-08,160,26.4,13.0,2
EMP-0334,2026-07,160,16.7,9.7,2
EMP-0335,2026-09,160,15.1,12.4,4
EMP-0335,2026-08,160,21.9,3.9,2
EMP-0335,2026-07,160,34.1,5.7,0
EMP-0336,2026-09,160,0.9,5.4,0
EMP-0336,2026-08,160,8.5,0.5,0
EMP-0336,2026-07,160,22.1,9.4,0
EMP-0338,2026-09,160,24.6,8.0,0
EMP-0338,2026-08,160,9.6,7.7,2
EMP-0338,2026-07,160,13.4,1.8,2
EMP-0342,2026-09,160,2.1,6.7,2
EMP-0342,2026-08,160,13.9,6.0,0
EMP-0342,2026-07,160,13.7,4.3,1
EMP-0343,2026-09,160,46.1,20.3,4
EMP-0343,2026-08,160,6.0,9.3,1
EMP-0343,2026-07,160,21.3,5.5,2
EMP-0344,2026-09,160,8.5,4.1,1
EMP-0344,2026-08,160,2.3,3.9,0
EMP-0344,2026-07,160,12.0,4.5,2
EMP-0345,2026-09,160,9.1,3.2,2
EMP-0345,2026-08,160,8.3,0.4,2
EMP-0345,2026-07,160,3.5,3.7,1
EMP-0346,2026-09,160,0.4,1.5,2
EMP-0346,2026-08,160,7.6,4.4,2
EMP-0346,2026-07,160,10.0,2.2,0
EMP-0347,2026-09,160,6.3,2.0,1
EMP-0347,2026-08,160,9.5,7.6,1
EMP-0347,2026-07,160,8.4,7.2,0
EMP-0348,2026-09,160,20.5,12.8,3
EMP-0348,2026-08,160,21.1,1.9,1
EMP-0348,2026-07,160,23.7,2.0,2
EMP-0349,2026-09,160,17.7,3.0,2
EMP-0349,2026-08,160,9.2,4.0,1
EMP-0349,2026-07,160,0.2,1.7,0
EMP-0351,2026-09,160,9.7,8.6,0
EMP-0351,2026-08,160,2.3,1.0,0
EMP-0351,2026-07,160,4.4,1.2,1
EMP-0352,2026-09,160,2.7,5.8,2
EMP-0352,2026-08,160,5.7,1.5,1
EMP-0352,2026-07,160,8.9,6.0,1
EMP-0353,2026-09,160,14.9,8.8,1
EMP-0353,2026-08,160,27.8,10.6,2
EMP-0353,2026-07,160,20.6,16.6,2
EMP-0354,2026-09,160,28.7,5.3,0
EMP-0354,2026-08,160,13.3,4.7,0
EMP-0354,2026-07,160,29.5,4.3,0
EMP-0355,2026-09,160,13.6,14.3,1
EMP-0355,2026-08,160,22.9,15.2,2
EMP-0355,2026-07,160,32.0,0.9,2
EMP-0356,2026-09,160,5.5,7.0,0
EMP-0356,2026-08,160,0.1,5.3,1
EMP-0356,2026-07,160,5.8,1.3,2
EMP-0357,2026-09,160,21.8,3.0,2
EMP-0357,2026-08,160,2.5,8.1,1
EMP-0357,2026-07,160,9.0,4.0,2
EMP-0358,2026-09,160,18.8,6.0,1
EMP-0358,2026-08,160,1.6,8.2,1
EMP-0358,2026-07,160,1.0,2.3,0
EMP-0360,2026-09,160,0.3,4.8,2
EMP-0360,2026-08,160,12.8,1.0,0
EMP-0360,2026-07,160,4.3,7.3,2
EMP-0361,2026-09,160,13.8,2.0,1
EMP-0361,2026-08,160,8.3,4.7,0
EMP-0361,2026-07,160,2.1,0.2,2
EMP-0363,2026-09,160,11.0,4.5,0
EMP-0363,2026-08,160,7.3,2.1,0
EMP-0363,2026-07,160,2.0,3.4,0
EMP-0364,2026-09,160,4.9,8.3,0
EMP-0364,2026-08,160,1.5,0.6,1
EMP-0364,2026-07,160,8.2,5.9,0
EMP-0365,2026-09,160,3.1,3.0,2
EMP-0365,2026-08,160,7.3,3.5,2
EMP-0365,2026-07,160,11.0,11.3,4
EMP-0367,2026-09,160,2.5,7.7,0
EMP-0367,2026-08,160,6.5,8.2,1
EMP-0367,2026-07,160,9.6,4.2,0
EMP-0368,2026-09,160,9.8,2.8,2
EMP-0368,2026-08,160,2.1,6.4,0
EMP-0368,2026-07,160,1.8,5.9,0
EMP-0371,2026-09,160,20.5,6.0,2
EMP-0371,2026-08,160,11.4,10.0,3
EMP-0371,2026-07,160,13.9,7.3,2
EMP-0373,2026-09,160,39.8,9.0,2
EMP-0373,2026-08,160,26.7,5.2,0
EMP-0373,2026-07,160,28.0,19.0,3
EMP-0374,2026-09,160,9.0,18.0,2
EMP-0374,2026-08,160,26.0,2.8,1
EMP-0374,2026-07,160,53.2,10.3,2
EMP-0376,2026-09,160,9.4,3.2,1
EMP-0376,2026-08,160,2.0,4.5,0
EMP-0376,2026-07,160,13.9,3.1,0
EMP-0377,2026-09,160,19.6,16.7,4
EMP-0377,2026-08,160,15.5,11.1,4
EMP-0377,2026-07,160,33.2,6.8,1
EMP-0378,2026-09,160,24.6,12.0,2
EMP-0378,2026-08,160,14.0,12.9,1
EMP-0378,2026-07,160,11.8,3.9,0
EMP-0379,2026-09,160,2.9,5.0,1
EMP-0379,2026-08,160,7.8,5.6,2
EMP-0379,2026-07,160,29.2,2.4,2
EMP-0380,2026-09,160,9.6,3.5,2
EMP-0380,2026-08,160,26.9,9.7,2
EMP-0380,2026-07,160,8.5,15.0,1
EMP-0382,2026-09,160,10.1,10.8,2
EMP-0382,2026-08,160,14.6,2.8,2
EMP-0382,2026-07,160,10.9,12.4,2
EMP-0383,2026-09,160,7.8,6.9,2
EMP-0383,2026-08,160,7.8,0.8,0
EMP-0383,2026-07,160,16.6,5.1,0
EMP-0385,2026-09,160,27.7,5.7,1
EMP-0385,2026-08,160,36.7,1.4,2
EMP-0385,2026-07,160,29.1,4.5,0
EMP-0386,2026-09,160,30.2,1.5,2
EMP-0386,2026-08,160,24.2,16.1,2
EMP-0386,2026-07,160,32.3,15.3,2
EMP-0387,2026-09,160,36.8,4.9,2
EMP-0387,2026-08,160,29.0,2.3,1
EMP-0387,2026-07,160,9.7,16.4,3
EMP-0389,2026-09,160,14.2,3.2,0
EMP-0389,2026-08,160,50.2,11.4,3
EMP-0389,2026-07,160,31.5,2.1,1
EMP-0390,2026-09,160,24.3,9.5,0
EMP-0390,2026-08,160,7.7,7.0,1
EMP-0390,2026-07,160,2.5,5.9,0
EMP-0394,2026-09,160,34.6,3.5,1
EMP-0394,2026-08,160,48.6,0.6,1
EMP-0394,2026-07,160,16.1,4.1,0
EMP-0395,2026-09,160,5.1,8.1,0
EMP-0395,2026-08,160,1.1,2.6,2
EMP-0395,2026-07,160,9.3,4.3,2
EMP-0396,2026-09,160,6.9,1.1,1
EMP-0396,2026-08,160,5.6,7.4,1
EMP-0396,2026-07,160,2.0,1.9,1
EMP-0397,2026-09,160,3.1,5.6,2
EMP-0397,2026-08,160,12.1,3.4,0
EMP-0397,2026-07,160,1.0,1.1,2
EMP-0399,2026-09,160,15.5,6.2,0
EMP-0399,2026-08,160,33.7,4.0,1
EMP-0399,2026-07,160,26.5,6.2,2
EMP-0400,2026-09,160,8.8,6.0,2
EMP-0400,2026-08,160,25.0,13.5,4
EMP-0400,2026-07,160,16.2,0.8,2
EMP-0404,2026-09,160,35.0,2.6,2
EMP-0404,2026-08,160,23.9,7.9,0
EMP-0404,2026-07,160,17.6,5.1,0
EMP-0405,2026-09,160,9.1,6.7,2
EMP-0405,2026-08,160,11.7,1.3,2
EMP-0405,2026-07,160,8.0,5.1,1
EMP-0406,2026-09,160,12.4,4.6,1
EMP-0406,2026-08,160,1.9,0.8,0
EMP-0406,2026-07,160,4.3,1.9,1
EMP-0407,2026-09,160,2.9,3.1,2
EMP-0407,2026-08,160,2.6,4.1,0
EMP-0407,2026-07,160,4.8,3.0,1
EMP-0408,2026-09,160,16.4,0.2,0
EMP-0408,2026-08,160,29.6,12.8,1
EMP-0408,2026-07,160,7.6,3.1,2
EMP-0409,2026-09,160,11.4,1.8,0
EMP-0409,2026-08,160,5.4,8.3,2
EMP-0409,2026-07,160,4.2,2.5,0
EMP-0410,2026-09,160,17.6,19.1,3
EMP-0410,2026-08,160,26.7,8.1,1
EMP-0410,2026-07,160,12.1,11.2,4
EMP-0415,2026-09,160,9.3,0.8,1
EMP-0415,2026-08,160,9.4,3.5,1
EMP-0415,2026-07,160,6.1,1.3,2
EMP-0416,2026-09,160,4.0,0.9,1
EMP-0416,2026-08,160,0.6,5.1,1
EMP-0416,2026-07,160,4.2,0.1,2
EMP-0419,2026-09,160,52.7,1.3,2
EMP-0419,2026-08,160,36.4,0.9,1
EMP-0419,2026-07,160,26.8,6.5,1
EMP-0420,2026-09,160,10.6,9.2,1
EMP-0420,2026-08,160,20.9,3.1,2
EMP-0420,2026-07,160,7.1,1.4,1
EMP-0421,2026-09,160,24.6,0.5,1
EMP-0421,2026-08,160,20.1,11.6,2
EMP-0421,2026-07,160,23.1,3.7,1
EMP-0422,2026-09,160,33.6,5.6,1
EMP-0422,2026-08,160,0.0,6.3,0
EMP-0422,2026-07,160,28.8,4.0,2
EMP-0425,2026-09,160,33.2,3.4,1
EMP-0425,2026-08,160,10.5,1.7,1
EMP-0425,2026-07,160,30.3,7.7,2
EMP-0426,2026-09,160,1.1,2.8,2
EMP-0426,2026-08,160,9.4,6.3,2
EMP-0426,2026-07,160,5.1,3.2,2
EMP-0428,2026-09,160,1.3,2.7,0
EMP-0428,2026-08,160,0.6,6.4,1
EMP-0428,2026-07,160,8.1,5.1,2
EMP-0429,2026-09,160,7.0,2.4,1
EMP-0429,2026-08,160,2.5,1.1,1
EMP-0429,2026-07,160,3.9,0.6,1
EMP-0430,2026-09,160,23.2,12.6,2
EMP-0430,2026-08,160,30.2,7.2,1
EMP-0430,2026-07,160,50.0,14.8,3
EMP-0431,2026-09,160,18.5,5.1,0
EMP-0431,2026-08,160,40.1,14.0,2
EMP-0431,2026-07,160,1.2,14.5,3
EMP-0432,2026-09,160,17.7,2.8,1
EMP-0432,2026-08,160,9.7,6.4,0
EMP-0432,2026-07,160,19.8,17.5,3
EMP-0433,2026-09,160,10.8,2.3,2
EMP-0433,2026-08,160,7.9,6.5,2
EMP-0433,2026-07,160,6.4,2.2,1
EMP-0434,2026-09,160,12.0,10.3,3
EMP-0434,2026-08,160,26.2,6.2,1
EMP-0434,2026-07,160,19.3,0.3,2
EMP-0437,2026-09,160,29.3,4.8,1
EMP-0437,2026-08,160,37.8,14.2,2
EMP-0437,2026-07,160,20.6,11.6,2
EMP-0438,2026-09,160,27.9,7.3,2
EMP-0438,2026-08,160,0.6,13.8,3
EMP-0438,2026-07,160,41.1,0.7,0
EMP-0440,2026-09,160,1.2,7.2,2
EMP-0440,2026-08,160,10.6,8.9,2
EMP-0440,2026-07,160,38.1,5.5,1
EMP-0441,2026-09,160,43.7,5.6,2
EMP-0441,2026-08,160,27.7,11.7,3
EMP-0441,2026-07,160,31.0,8.4,0
EMP-0443,2026-09,160,7.5,4.9,1
EMP-0443,2026-08,160,2.8,1.3,2
EMP-0443,2026-07,160,0.1,3.7,2
EMP-0444,2026-09,160,2.1,1.6,0
EMP-0444,2026-08,160,15.0,6.6,0
EMP-0444,2026-07,160,4.7,6.0,2
EMP-0445,2026-09,160,13.7,8.7,2
EMP-0445,2026-08,160,26.6,5.5,1
EMP-0445,2026-07,160,9.7,15.3,2
EMP-0447,2026-09,160,9.1,2.8,0
EMP-0447,2026-08,160,2.7,1.7,2
EMP-0447,2026-07,160,2.9,6.6,2
EMP-0448,2026-09,160,20.3,0.3,1
EMP-0448,2026-08,160,14.3,11.3,2
EMP-0448,2026-07,160,16.7,4.1,2
EMP-0449,2026-09,160,7.7,8.9,1
EMP-0449,2026-08,160,8.3,7.9,1
EMP-0449,2026-07,160,3.1,4.0,0
EMP-0450,2026-09,160,19.6,8.7,1
EMP-0450,2026-08,160,26.6,2.5,1
EMP-0450,2026-07,160,29.7,1.8,2
EMP-0451,2026-09,160,0.0,20.8,3
EMP-0451,2026-08,160,12.3,12.4,4
EMP-0451,2026-07,160,45.5,5.9,2
EMP-0452,2026-09,160,11.6,5.9,1
EMP-0452,2026-08,160,14.2,0.5,0
EMP-0452,2026-07,160,13.3,1.8,1
EMP-0453,2026-09,160,11.3,3.9,2
EMP-0453,2026-08,160,9.9,4.1,0
EMP-0453,2026-07,160,3.2,5.4,1
EMP-0454,2026-09,160,7.0,3.2,0
EMP-0454,2026-08,160,8.0,3.2,1
EMP-0454,2026-07,160,16.1,4.7,2
EMP-0456,2026-09,160,3.8,5.0,1
EMP-0456,2026-08,160,3.9,4.3,0
EMP-0456,2026-07,160,0.1,4.0,0
EMP-0457,2026-09,160,12.8,1.3,0
EMP-0457,2026-08,160,49.6,1.5,1
EMP-0457,2026-07,160,20.1,3.2,1
EMP-0458,2026-09,160,7.5,0.2,1
EMP-0458,2026-08,160,10.2,10.1,3
EMP-0458,2026-07,160,1.8,7.7,2
EMP-0460,2026-09,160,14.3,17.0,4
EMP-0460,2026-08,160,52.8,6.6,0
EMP-0460,2026-07,160,2.8,13.7,3
EMP-0461,2026-09,160,23.4,11.0,1
EMP-0461,2026-08,160,14.9,2.7,1
EMP-0461,2026-07,160,37.4,9.9,2
EMP-0462,2026-09,160,1.2,6.1,1
EMP-0462,2026-08,160,8.4,3.0,2
EMP-0462,2026-07,160,14.1,2.1,0
EMP-0464,2026-09,160,5.2,6.3,1
EMP-0464,2026-08,160,6.4,0.2,1
EMP-0464,2026-07,160,6.9,2.8,1
EMP-0465,2026-09,160,10.3,4.5,1
EMP-0465,2026-08,160,6.5,0.9,0
EMP-0465,2026-07,160,4.8,6.9,0
EMP-0467,2026-09,160,8.4,7.8,0
EMP-0467,2026-08,160,6.0,0.9,0
EMP-0467,2026-07,160,18.7,9.0,1
EMP-0468,2026-09,160,16.0,2.6,0
EMP-0468,2026-08,160,5.7,0.2,0
EMP-0468,2026-07,160,9.1,5.2,0
EMP-0469,2026-09,160,42.3,14.7,3
EMP-0469,2026-08,160,25.3,5.2,0
EMP-0469,2026-07,160,23.1,7.3,2
EMP-0470,2026-09,160,10.8,6.5,2
EMP-0470,2026-08,160,4.5,0.4,1
EMP-0470,2026-07,160,12.7,5.7,0
EMP-0471,2026-09,160,15.2,11.3,1
EMP-0471,2026-08,160,21.1,15.9,4
EMP-0471,2026-07,160,8.9,5.6,0
EMP-0472,2026-09,160,14.0,5.7,0
EMP-0472,2026-08,160,14.9,0.3,2
EMP-0472,2026-07,160,11.4,7.0,2
EMP-0473,2026-09,160,5.2,6.2,0
EMP-0473,2026-08,160,18.4,1.7,0
EMP-0473,2026-07,160,15.9,13.2,1
EMP-0474,2026-09,160,4.0,4.7,1
EMP-0474,2026-08,160,7.2,4.0,2
EMP-0474,2026-07,160,2.5,6.0,2
EMP-0475,2026-09,160,1.9,4.0,1
EMP-0475,2026-08,160,12.9,2.7,1
EMP-0475,2026-07,160,2.4,6.2,1
EMP-0476,2026-09,160,6.8,6.2,0
EMP-0476,2026-08,160,6.2,3.2,0
EMP-0476,2026-07,160,11.9,10.2,2
EMP-0477,2026-09,160,39.3,13.2,3
EMP-0477,2026-08,160,26.8,5.2,2
EMP-0477,2026-07,160,3.7,8.7,1
EMP-0478,2026-09,160,5.3,5.5,0
EMP-0478,2026-08,160,6.3,0.6,0
EMP-0478,2026-07,160,3.1,1.8,0
EMP-0479,2026-09,160,2.6,0.1,2
EMP-0479,2026-08,160,4.9,8.3,2
EMP-0479,2026-07,160,3.3,1.7,1
EMP-0480,2026-09,160,0.1,4.1,0
EMP-0480,2026-08,160,11.9,10.0,2
EMP-0480,2026-07,160,7.4,4.4,1
EMP-0481,2026-09,160,3.3,2.9,0
EMP-0481,2026-08,160,9.1,3.1,2
EMP-0481,2026-07,160,5.2,3.9,2
EMP-0483,2026-09,160,3.0,3.8,0
EMP-0483,2026-08,160,4.1,5.6,0
EMP-0483,2026-07,160,17.8,2.3,0
EMP-0485,2026-09,160,7.9,6.6,2
EMP-0485,2026-08,160,12.4,3.2,2
EMP-0485,2026-07,160,3.0,4.8,2
EMP-0486,2026-09,160,6.6,3.0,1
EMP-0486,2026-08,160,5.3,4.4,1
EMP-0486,2026-07,160,7.8,5.0,0
EMP-0487,2026-09,160,16.7,10.3,1
EMP-0487,2026-08,160,15.7,11.9,2
EMP-0487,2026-07,160,10.6,8.4,1
EMP-0488,2026-09,160,4.4,5.8,0
EMP-0488,2026-08,160,28.5,1.8,0
EMP-0488,2026-07,160,15.2,6.4,1
EMP-0489,2026-09,160,0.8,0.7,2
EMP-0489,2026-08,160,6.5,5.0,0
EMP-0489,2026-07,160,5.7,2.9,0
EMP-0490,2026-09,160,4.1,6.1,0
EMP-0490,2026-08,160,7.1,3.0,1
EMP-0490,2026-07,160,12.5,9.8,0
EMP-0492,2026-09,160,0.2,5.6,0
EMP-0492,2026-08,160,21.4,4.8,0
EMP-0492,2026-07,160,6.6,3.8,2
EMP-0495,2026-09,160,8.5,6.3,1
EMP-0495,2026-08,160,0.2,3.9,1
EMP-0495,2026-07,160,5.3,3.4,2
EMP-0496,2026-09,160,1.5,5.0,2
EMP-0496,2026-08,160,2.3,2.5,1
EMP-0496,2026-07,160,10.8,2.0,1
EMP-0497,2026-09,160,3.5,4.8,0
EMP-0497,2026-08,160,3.1,3.4,0
EMP-0497,2026-07,160,2.4,9.9,0
EMP-0498,2026-09,160,3.4,25.0,1
EMP-0498,2026-08,160,14.1,9.1,1
EMP-0498,2026-07,160,11.4,4.3,2
EMP-0499,2026-09,160,2.1,5.8,1
EMP-0499,2026-08,160,1.1,5.1,1
EMP-0499,2026-07,160,4.9,4.8,0
EMP-0500,2026-09,160,10.2,0.2,2
EMP-0500,2026-08,160,9.4,4.2,1
EMP-0500,2026-07,160,14.0,1.4,2
